{
    "sum_con_loads": 259.13,
    "max_con_load": 47.73,
    "avg_setup_time": 188.97,
    "assign": {
        "LEO31": {
            "load": 34.267360697493146,
            "switches": [
                "LEO11",
                "LEO12",
                "LEO21",
                "LEO22",
                "LEO31",
                "LEO32"
            ]
        },
        "LEO14": {
            "load": 23.148119427922644,
            "switches": [
                "LEO13",
                "LEO14",
                "LEO15"
            ]
        },
        "LEO38": {
            "load": 31.39921310755006,
            "switches": [
                "LEO16",
                "LEO17",
                "LEO18",
                "LEO19",
                "LEO26",
                "LEO27",
                "LEO28",
                "LEO29",
                "LEO36",
                "LEO37",
                "LEO38",
                "LEO39",
                "LEO44",
                "LEO45",
                "LEO46",
                "LEO47",
                "LEO48",
                "LEO54",
                "LEO55",
                "LEO56",
                "LEO57",
                "LEO58",
                "LEO64",
                "LEO65",
                "LEO66",
                "LEO67",
                "LEO68",
                "LEO75",
                "LEO76",
                "LEO77",
                "LEO78"
            ]
        },
        "LEO33": {
            "load": 47.730817994471984,
            "switches": [
                "LEO23",
                "LEO33",
                "LEO43",
                "LEO53",
                "LEO62",
                "LEO63"
            ]
        },
        "LEO24": {
            "load": 23.837909951900706,
            "switches": [
                "LEO24",
                "LEO25",
                "LEO34",
                "LEO35"
            ]
        },
        "LEO41": {
            "load": 30.716383179567554,
            "switches": [
                "LEO41",
                "LEO42",
                "LEO49"
            ]
        },
        "LEO51": {
            "load": 39.02660154478429,
            "switches": [
                "LEO51",
                "LEO52",
                "LEO59",
                "LEO61",
                "LEO69"
            ]
        },
        "LEO73": {
            "load": 28.999399065903763,
            "switches": [
                "LEO71",
                "LEO72",
                "LEO73",
                "LEO74",
                "LEO79",
                "LEO81",
                "LEO82",
                "LEO83",
                "LEO84",
                "LEO85",
                "LEO86",
                "LEO87",
                "LEO88",
                "LEO89"
            ]
        }
    },
    "args": {
        "part": "8",
        "ufactor": "400",
        "contig": true,
        "minconn": true
    }
}