{
    "sum_con_loads": 256.26,
    "max_con_load": 48.76,
    "avg_setup_time": 187.75,
    "assign": {
        "LEO39": {
            "load": 39.057212556751466,
            "switches": [
                "LEO11",
                "LEO17",
                "LEO18",
                "LEO19",
                "LEO21",
                "LEO29",
                "LEO31",
                "LEO38",
                "LEO39"
            ]
        },
        "LEO12": {
            "load": 24.972870365174387,
            "switches": [
                "LEO12",
                "LEO13",
                "LEO14",
                "LEO26"
            ]
        },
        "LEO66": {
            "load": 20.292976619932862,
            "switches": [
                "LEO15",
                "LEO16",
                "LEO25",
                "LEO27",
                "LEO28",
                "LEO35",
                "LEO36",
                "LEO37",
                "LEO43",
                "LEO45",
                "LEO46",
                "LEO53",
                "LEO55",
                "LEO56",
                "LEO63",
                "LEO64",
                "LEO65",
                "LEO66",
                "LEO74",
                "LEO75",
                "LEO76",
                "LEO77",
                "LEO83",
                "LEO84",
                "LEO85",
                "LEO86"
            ]
        },
        "LEO32": {
            "load": 48.76043918818856,
            "switches": [
                "LEO22",
                "LEO32",
                "LEO41",
                "LEO42",
                "LEO44",
                "LEO52",
                "LEO54",
                "LEO62"
            ]
        },
        "LEO23": {
            "load": 23.92738605266519,
            "switches": [
                "LEO23",
                "LEO24",
                "LEO33",
                "LEO34"
            ]
        },
        "LEO58": {
            "load": 21.8028331528067,
            "switches": [
                "LEO47",
                "LEO48",
                "LEO57",
                "LEO58",
                "LEO67",
                "LEO68"
            ]
        },
        "LEO59": {
            "load": 48.33391331359597,
            "switches": [
                "LEO49",
                "LEO51",
                "LEO59",
                "LEO61",
                "LEO69"
            ]
        },
        "LEO72": {
            "load": 29.107404191655938,
            "switches": [
                "LEO71",
                "LEO72",
                "LEO73",
                "LEO78",
                "LEO79",
                "LEO81",
                "LEO82",
                "LEO87",
                "LEO88",
                "LEO89"
            ]
        }
    },
    "args": {
        "part": "8",
        "ufactor": "900",
        "match_order": "SumWei",
        "match_scheme": "SRC",
        "contig": false
    }
}