{
    "sum_con_loads": 284.09,
    "max_con_load": 60.07,
    "avg_setup_time": 182.44,
    "assign": {
        "LEO22": {
            "load": 37.93585098258983,
            "switches": [
                "LEO11",
                "LEO12",
                "LEO13",
                "LEO14",
                "LEO15",
                "LEO22",
                "LEO23",
                "LEO24",
                "LEO25",
                "LEO26",
                "LEO35",
                "LEO36"
            ]
        },
        "LEO39": {
            "load": 35.29469019469751,
            "switches": [
                "LEO16",
                "LEO17",
                "LEO18",
                "LEO19",
                "LEO21",
                "LEO27",
                "LEO28",
                "LEO29",
                "LEO37",
                "LEO38",
                "LEO39"
            ]
        },
        "LEO41": {
            "load": 60.07138236037313,
            "switches": [
                "LEO31",
                "LEO32",
                "LEO33",
                "LEO34",
                "LEO41",
                "LEO42",
                "LEO43",
                "LEO44",
                "LEO51",
                "LEO52"
            ]
        },
        "LEO57": {
            "load": 16.40526000066585,
            "switches": [
                "LEO45",
                "LEO46",
                "LEO47",
                "LEO55",
                "LEO56",
                "LEO57",
                "LEO65",
                "LEO66",
                "LEO67",
                "LEO75",
                "LEO76",
                "LEO85",
                "LEO86"
            ]
        },
        "LEO49": {
            "load": 25.610727795732828,
            "switches": [
                "LEO48",
                "LEO49"
            ]
        },
        "LEO61": {
            "load": 50.54193509752031,
            "switches": [
                "LEO53",
                "LEO54",
                "LEO61",
                "LEO62",
                "LEO63",
                "LEO64",
                "LEO71",
                "LEO72",
                "LEO73",
                "LEO74",
                "LEO81",
                "LEO82",
                "LEO83",
                "LEO84"
            ]
        },
        "LEO59": {
            "load": 37.91666394500141,
            "switches": [
                "LEO58",
                "LEO59",
                "LEO68",
                "LEO69"
            ]
        },
        "LEO78": {
            "load": 20.314749693752123,
            "switches": [
                "LEO77",
                "LEO78",
                "LEO79",
                "LEO87",
                "LEO88",
                "LEO89"
            ]
        }
    },
    "args": {
        "part": "8",
        "ufactor": "400",
        "match_order": "Wei",
        "match_scheme": "WeiDif",
        "contig": true
    }
}