{
    "sum_con_loads": 300.1,
    "max_con_load": 51.75,
    "avg_setup_time": 182.65,
    "assign": {
        "LEO49": {
            "load": 45.06844635766875,
            "switches": [
                "LEO11",
                "LEO16",
                "LEO17",
                "LEO18",
                "LEO19",
                "LEO26",
                "LEO27",
                "LEO28",
                "LEO29",
                "LEO31",
                "LEO38",
                "LEO39",
                "LEO48",
                "LEO49"
            ]
        },
        "LEO22": {
            "load": 36.02812971208382,
            "switches": [
                "LEO12",
                "LEO13",
                "LEO21",
                "LEO22",
                "LEO23"
            ]
        },
        "LEO36": {
            "load": 26.03509286320127,
            "switches": [
                "LEO14",
                "LEO15",
                "LEO24",
                "LEO25",
                "LEO34",
                "LEO35",
                "LEO36",
                "LEO37",
                "LEO44",
                "LEO45",
                "LEO46",
                "LEO47",
                "LEO54",
                "LEO55",
                "LEO56",
                "LEO64",
                "LEO65",
                "LEO66",
                "LEO74",
                "LEO75",
                "LEO76"
            ]
        },
        "LEO32": {
            "load": 32.170452509835535,
            "switches": [
                "LEO32",
                "LEO33"
            ]
        },
        "LEO51": {
            "load": 47.656207944514236,
            "switches": [
                "LEO41",
                "LEO42",
                "LEO43",
                "LEO51",
                "LEO52",
                "LEO53",
                "LEO61",
                "LEO62",
                "LEO63"
            ]
        },
        "LEO58": {
            "load": 25.748622680194458,
            "switches": [
                "LEO57",
                "LEO58"
            ]
        },
        "LEO69": {
            "load": 51.74902474099241,
            "switches": [
                "LEO59",
                "LEO67",
                "LEO68",
                "LEO69",
                "LEO77",
                "LEO78",
                "LEO79"
            ]
        },
        "LEO71": {
            "load": 35.639046813616915,
            "switches": [
                "LEO71",
                "LEO72",
                "LEO73",
                "LEO81",
                "LEO82",
                "LEO83",
                "LEO84",
                "LEO85",
                "LEO86",
                "LEO87",
                "LEO88",
                "LEO89"
            ]
        }
    },
    "args": {
        "part": "8",
        "ufactor": "100",
        "match_order": "SumWei",
        "match_scheme": "SRC",
        "contig": true
    }
}