{
    "sum_con_loads": 244.66,
    "max_con_load": 50.61,
    "avg_setup_time": 180.47,
    "assign": {
        "LEO22": {
            "load": 29.002871084571325,
            "switches": [
                "LEO11",
                "LEO12",
                "LEO19",
                "LEO21",
                "LEO22",
                "LEO32"
            ]
        },
        "LEO14": {
            "load": 23.148119427922644,
            "switches": [
                "LEO13",
                "LEO14",
                "LEO15"
            ]
        },
        "LEO67": {
            "load": 22.00320444712042,
            "switches": [
                "LEO16",
                "LEO17",
                "LEO18",
                "LEO26",
                "LEO27",
                "LEO28",
                "LEO29",
                "LEO36",
                "LEO37",
                "LEO38",
                "LEO46",
                "LEO47",
                "LEO48",
                "LEO56",
                "LEO57",
                "LEO58",
                "LEO66",
                "LEO67",
                "LEO68",
                "LEO75",
                "LEO76",
                "LEO77",
                "LEO78",
                "LEO79",
                "LEO84",
                "LEO85",
                "LEO86",
                "LEO87",
                "LEO88",
                "LEO89"
            ]
        },
        "LEO33": {
            "load": 50.61133048459365,
            "switches": [
                "LEO23",
                "LEO24",
                "LEO25",
                "LEO33",
                "LEO34",
                "LEO35",
                "LEO42",
                "LEO43",
                "LEO44",
                "LEO53",
                "LEO54"
            ]
        },
        "LEO41": {
            "load": 39.34451988755934,
            "switches": [
                "LEO31",
                "LEO39",
                "LEO41"
            ]
        },
        "LEO73": {
            "load": 32.91792801039736,
            "switches": [
                "LEO45",
                "LEO55",
                "LEO63",
                "LEO64",
                "LEO65",
                "LEO73",
                "LEO74",
                "LEO83"
            ]
        },
        "LEO49": {
            "load": 7.640750278311659,
            "switches": [
                "LEO49"
            ]
        },
        "LEO51": {
            "load": 39.988281625536686,
            "switches": [
                "LEO51",
                "LEO52",
                "LEO59",
                "LEO61",
                "LEO62",
                "LEO69",
                "LEO71",
                "LEO72",
                "LEO81",
                "LEO82"
            ]
        }
    },
    "args": {
        "part": "8",
        "ufactor": "1600",
        "match_order": "Wei",
        "match_scheme": "SRC",
        "contig": true
    }
}