{
    "sum_con_loads": 265.89,
    "max_con_load": 66.17,
    "avg_setup_time": 198.3,
    "assign": {
        "LEO21": {
            "load": 55.40272978454893,
            "switches": [
                "LEO11",
                "LEO12",
                "LEO21",
                "LEO22",
                "LEO31",
                "LEO32",
                "LEO39",
                "LEO41",
                "LEO42"
            ]
        },
        "LEO13": {
            "load": 11.384599690340544,
            "switches": [
                "LEO13",
                "LEO14"
            ]
        },
        "LEO38": {
            "load": 28.66968114987341,
            "switches": [
                "LEO15",
                "LEO16",
                "LEO17",
                "LEO18",
                "LEO19",
                "LEO26",
                "LEO27",
                "LEO28",
                "LEO29",
                "LEO36",
                "LEO37",
                "LEO38"
            ]
        },
        "LEO34": {
            "load": 16.348235992350773,
            "switches": [
                "LEO23",
                "LEO24",
                "LEO25",
                "LEO33",
                "LEO34",
                "LEO35",
                "LEO43"
            ]
        },
        "LEO72": {
            "load": 18.775028486093245,
            "switches": [
                "LEO44",
                "LEO52",
                "LEO53",
                "LEO54",
                "LEO62",
                "LEO63",
                "LEO64",
                "LEO72",
                "LEO73",
                "LEO82",
                "LEO83"
            ]
        },
        "LEO56": {
            "load": 24.719398870006366,
            "switches": [
                "LEO45",
                "LEO46",
                "LEO47",
                "LEO55",
                "LEO56",
                "LEO65",
                "LEO66",
                "LEO74",
                "LEO75",
                "LEO76",
                "LEO84",
                "LEO85",
                "LEO86"
            ]
        },
        "LEO58": {
            "load": 66.17294742773376,
            "switches": [
                "LEO48",
                "LEO49",
                "LEO57",
                "LEO58",
                "LEO59",
                "LEO67",
                "LEO68",
                "LEO77",
                "LEO78"
            ]
        },
        "LEO61": {
            "load": 44.42095775662567,
            "switches": [
                "LEO51",
                "LEO61",
                "LEO69",
                "LEO71",
                "LEO79",
                "LEO81",
                "LEO87",
                "LEO88",
                "LEO89"
            ]
        }
    },
    "args": {
        "part": "8",
        "ufactor": "1900",
        "match_order": "SRC",
        "match_scheme": "WeiDif",
        "contig": false
    }
}