{
    "sum_con_loads": 271.25,
    "max_con_load": 65.89,
    "avg_setup_time": 190.03,
    "assign": {
        "LEO31": {
            "load": 59.36350973025441,
            "switches": [
                "LEO11",
                "LEO19",
                "LEO21",
                "LEO22",
                "LEO23",
                "LEO31",
                "LEO39",
                "LEO41",
                "LEO49",
                "LEO51"
            ]
        },
        "LEO12": {
            "load": 19.540590062918138,
            "switches": [
                "LEO12",
                "LEO13"
            ]
        },
        "LEO57": {
            "load": 29.21361936574988,
            "switches": [
                "LEO14",
                "LEO15",
                "LEO16",
                "LEO24",
                "LEO25",
                "LEO26",
                "LEO34",
                "LEO35",
                "LEO36",
                "LEO44",
                "LEO45",
                "LEO46",
                "LEO54",
                "LEO55",
                "LEO56",
                "LEO57",
                "LEO64",
                "LEO65",
                "LEO66",
                "LEO75"
            ]
        },
        "LEO38": {
            "load": 22.978548621189283,
            "switches": [
                "LEO17",
                "LEO18",
                "LEO27",
                "LEO28",
                "LEO29",
                "LEO37",
                "LEO38"
            ]
        },
        "LEO32": {
            "load": 18.57569935307318,
            "switches": [
                "LEO32",
                "LEO33",
                "LEO42",
                "LEO43"
            ]
        },
        "LEO58": {
            "load": 65.8939961446496,
            "switches": [
                "LEO47",
                "LEO48",
                "LEO58",
                "LEO59",
                "LEO67",
                "LEO68"
            ]
        },
        "LEO71": {
            "load": 37.99865252864725,
            "switches": [
                "LEO52",
                "LEO53",
                "LEO61",
                "LEO62",
                "LEO63",
                "LEO69",
                "LEO71",
                "LEO72",
                "LEO73",
                "LEO74",
                "LEO79",
                "LEO81",
                "LEO82",
                "LEO83",
                "LEO89"
            ]
        },
        "LEO78": {
            "load": 17.686562397443463,
            "switches": [
                "LEO76",
                "LEO77",
                "LEO78",
                "LEO84",
                "LEO85",
                "LEO86",
                "LEO87",
                "LEO88"
            ]
        }
    },
    "args": {
        "part": "8",
        "ufactor": "1000",
        "contig": false
    }
}