{
    "sum_con_loads": 292.03,
    "max_con_load": 46.53,
    "avg_setup_time": 217.53,
    "assign": {
        "LEO33": {
            "load": 46.53054074953723,
            "switches": [
                "LEO11",
                "LEO17",
                "LEO18",
                "LEO19",
                "LEO33",
                "LEO43",
                "LEO53",
                "LEO34",
                "LEO35",
                "LEO44",
                "LEO62",
                "LEO63"
            ]
        },
        "LEO23": {
            "load": 40.61390631351509,
            "switches": [
                "LEO23",
                "LEO24",
                "LEO25",
                "LEO26",
                "LEO27",
                "LEO28",
                "LEO29",
                "LEO13",
                "LEO14",
                "LEO15",
                "LEO16"
            ]
        },
        "LEO31": {
            "load": 41.36247584913695,
            "switches": [
                "LEO31",
                "LEO32",
                "LEO38",
                "LEO39",
                "LEO12",
                "LEO22",
                "LEO21"
            ]
        },
        "LEO41": {
            "load": 32.391927334481345,
            "switches": [
                "LEO41",
                "LEO42",
                "LEO45",
                "LEO46",
                "LEO48",
                "LEO49"
            ]
        },
        "LEO51": {
            "load": 45.67694118393474,
            "switches": [
                "LEO51",
                "LEO52",
                "LEO54",
                "LEO55",
                "LEO56",
                "LEO57",
                "LEO58",
                "LEO59",
                "LEO36",
                "LEO37",
                "LEO47"
            ]
        },
        "LEO61": {
            "load": 34.43394972374341,
            "switches": [
                "LEO61",
                "LEO64",
                "LEO65",
                "LEO66",
                "LEO67",
                "LEO68",
                "LEO69"
            ]
        },
        "LEO73": {
            "load": 35.29986213071293,
            "switches": [
                "LEO71",
                "LEO72",
                "LEO73",
                "LEO74",
                "LEO75",
                "LEO76",
                "LEO77",
                "LEO78",
                "LEO79"
            ]
        },
        "LEO83": {
            "load": 15.72441160499748,
            "switches": [
                "LEO81",
                "LEO82",
                "LEO83",
                "LEO84",
                "LEO85",
                "LEO86",
                "LEO87",
                "LEO88",
                "LEO89"
            ]
        }
    },
    "args": {
        "MCS": "3",
        "MSSLS": "24"
    }
}