{
    "sum_con_loads": 300.88,
    "max_con_load": 60.87,
    "avg_setup_time": 188.17,
    "assign": {
        "LEO42": {
            "load": 60.86812914183828,
            "switches": [
                "LEO11",
                "LEO12",
                "LEO21",
                "LEO22",
                "LEO31",
                "LEO32",
                "LEO33",
                "LEO41",
                "LEO42",
                "LEO52"
            ]
        },
        "LEO24": {
            "load": 35.419942309302336,
            "switches": [
                "LEO13",
                "LEO14",
                "LEO15",
                "LEO23",
                "LEO24",
                "LEO25"
            ]
        },
        "LEO38": {
            "load": 22.681855756466337,
            "switches": [
                "LEO16",
                "LEO17",
                "LEO18",
                "LEO19",
                "LEO26",
                "LEO27",
                "LEO28",
                "LEO29",
                "LEO36",
                "LEO37",
                "LEO38",
                "LEO39",
                "LEO46",
                "LEO47",
                "LEO48",
                "LEO49",
                "LEO56",
                "LEO57"
            ]
        },
        "LEO34": {
            "load": 34.958784601216756,
            "switches": [
                "LEO34",
                "LEO35",
                "LEO44",
                "LEO45",
                "LEO54",
                "LEO55"
            ]
        },
        "LEO63": {
            "load": 51.75627881408572,
            "switches": [
                "LEO43",
                "LEO53",
                "LEO63",
                "LEO73",
                "LEO83",
                "LEO84"
            ]
        },
        "LEO51": {
            "load": 32.589594674291924,
            "switches": [
                "LEO51",
                "LEO58",
                "LEO59",
                "LEO68",
                "LEO78"
            ]
        },
        "LEO62": {
            "load": 42.21999547898181,
            "switches": [
                "LEO61",
                "LEO62",
                "LEO69",
                "LEO71",
                "LEO72",
                "LEO79",
                "LEO81",
                "LEO82",
                "LEO87",
                "LEO88",
                "LEO89"
            ]
        },
        "LEO64": {
            "load": 20.38835495786032,
            "switches": [
                "LEO64",
                "LEO65",
                "LEO66",
                "LEO67",
                "LEO74",
                "LEO75",
                "LEO76",
                "LEO77",
                "LEO85",
                "LEO86"
            ]
        }
    },
    "args": {
        "part": "8",
        "ufactor": "900",
        "contig": true
    }
}