{
    "sum_con_loads": 318.39,
    "max_con_load": 55.96,
    "avg_setup_time": 233.28,
    "assign": {
        "LEO14": {
            "load": 30.667260634758446,
            "switches": [
                "LEO11",
                "LEO13",
                "LEO14",
                "LEO15",
                "LEO16",
                "LEO17",
                "LEO18",
                "LEO19"
            ]
        },
        "LEO33": {
            "load": 53.99953520070558,
            "switches": [
                "LEO23",
                "LEO24",
                "LEO27",
                "LEO28",
                "LEO29",
                "LEO53",
                "LEO43",
                "LEO33"
            ]
        },
        "LEO31": {
            "load": 45.441043793871295,
            "switches": [
                "LEO31",
                "LEO32",
                "LEO34",
                "LEO35",
                "LEO36",
                "LEO37",
                "LEO38",
                "LEO39",
                "LEO21",
                "LEO22",
                "LEO12",
                "LEO54",
                "LEO44",
                "LEO64",
                "LEO57",
                "LEO47",
                "LEO25",
                "LEO26"
            ]
        },
        "LEO41": {
            "load": 29.450057184420917,
            "switches": [
                "LEO41",
                "LEO42",
                "LEO48",
                "LEO49"
            ]
        },
        "LEO51": {
            "load": 55.95841274675432,
            "switches": [
                "LEO51",
                "LEO52",
                "LEO58",
                "LEO59",
                "LEO61",
                "LEO71"
            ]
        },
        "LEO63": {
            "load": 40.30623789091127,
            "switches": [
                "LEO62",
                "LEO63",
                "LEO67",
                "LEO68",
                "LEO69"
            ]
        },
        "LEO73": {
            "load": 44.90708869497016,
            "switches": [
                "LEO72",
                "LEO73",
                "LEO74",
                "LEO75",
                "LEO76",
                "LEO77",
                "LEO78",
                "LEO79",
                "LEO55",
                "LEO45",
                "LEO65",
                "LEO56",
                "LEO66",
                "LEO46"
            ]
        },
        "LEO83": {
            "load": 17.65622766567903,
            "switches": [
                "LEO81",
                "LEO82",
                "LEO83",
                "LEO84",
                "LEO85",
                "LEO86",
                "LEO87",
                "LEO88",
                "LEO89"
            ]
        }
    },
    "args": {
        "MCS": "3",
        "MSSLS": "24"
    }
}