{
    "sum_con_loads": 343.81,
    "max_con_load": 53.24,
    "avg_setup_time": 244.9,
    "assign": {
        "LEO12": {
            "load": 23.18007076484872,
            "switches": [
                "LEO11",
                "LEO12",
                "LEO13",
                "LEO14",
                "LEO15",
                "LEO16",
                "LEO17",
                "LEO18",
                "LEO19"
            ]
        },
        "LEO22": {
            "load": 48.94699201405429,
            "switches": [
                "LEO21",
                "LEO22",
                "LEO23",
                "LEO24",
                "LEO25",
                "LEO26",
                "LEO27",
                "LEO28",
                "LEO29"
            ]
        },
        "LEO31": {
            "load": 50.95190875943119,
            "switches": [
                "LEO31",
                "LEO33",
                "LEO34",
                "LEO35",
                "LEO36",
                "LEO37",
                "LEO38",
                "LEO39"
            ]
        },
        "LEO49": {
            "load": 44.684029047145046,
            "switches": [
                "LEO41",
                "LEO43",
                "LEO44",
                "LEO45",
                "LEO46",
                "LEO47",
                "LEO48",
                "LEO49"
            ]
        },
        "LEO59": {
            "load": 32.91049308999779,
            "switches": [
                "LEO51",
                "LEO53",
                "LEO54",
                "LEO55",
                "LEO56",
                "LEO57",
                "LEO58",
                "LEO59"
            ]
        },
        "LEO69": {
            "load": 42.12539352925846,
            "switches": [
                "LEO61",
                "LEO63",
                "LEO64",
                "LEO65",
                "LEO66",
                "LEO67",
                "LEO68",
                "LEO69",
                "LEO74",
                "LEO75"
            ]
        },
        "LEO72": {
            "load": 53.24367901295933,
            "switches": [
                "LEO71",
                "LEO72",
                "LEO73",
                "LEO76",
                "LEO77",
                "LEO78",
                "LEO79",
                "LEO81",
                "LEO89",
                "LEO82",
                "LEO83",
                "LEO84",
                "LEO85"
            ]
        },
        "LEO52": {
            "load": 47.7667650300703,
            "switches": [
                "LEO86",
                "LEO87",
                "LEO88",
                "LEO32",
                "LEO42",
                "LEO52",
                "LEO62"
            ]
        }
    },
    "args": {
        "MCS": "3",
        "MSSLS": "24"
    }
}