{
    "sum_con_loads": 287.86,
    "max_con_load": 61.07,
    "avg_setup_time": 187.29,
    "assign": {
        "LEO21": {
            "load": 23.880085989419776,
            "switches": [
                "LEO11",
                "LEO19",
                "LEO21",
                "LEO29"
            ]
        },
        "LEO32": {
            "load": 55.085142603946025,
            "switches": [
                "LEO12",
                "LEO13",
                "LEO22",
                "LEO23",
                "LEO24",
                "LEO32",
                "LEO33",
                "LEO34",
                "LEO42",
                "LEO43",
                "LEO44"
            ]
        },
        "LEO38": {
            "load": 22.791046751797428,
            "switches": [
                "LEO14",
                "LEO15",
                "LEO16",
                "LEO17",
                "LEO18",
                "LEO27",
                "LEO28",
                "LEO37",
                "LEO38",
                "LEO47",
                "LEO56",
                "LEO57"
            ]
        },
        "LEO78": {
            "load": 24.51833417710398,
            "switches": [
                "LEO25",
                "LEO26",
                "LEO35",
                "LEO36",
                "LEO45",
                "LEO46",
                "LEO55",
                "LEO65",
                "LEO66",
                "LEO67",
                "LEO71",
                "LEO76",
                "LEO77",
                "LEO78",
                "LEO79",
                "LEO81",
                "LEO86",
                "LEO87",
                "LEO88",
                "LEO89"
            ]
        },
        "LEO41": {
            "load": 52.67190893784469,
            "switches": [
                "LEO31",
                "LEO39",
                "LEO41",
                "LEO48",
                "LEO49",
                "LEO51",
                "LEO58",
                "LEO59"
            ]
        },
        "LEO62": {
            "load": 61.06725717711236,
            "switches": [
                "LEO52",
                "LEO53",
                "LEO61",
                "LEO62",
                "LEO63",
                "LEO72",
                "LEO82"
            ]
        },
        "LEO73": {
            "load": 21.588418100758318,
            "switches": [
                "LEO54",
                "LEO64",
                "LEO73",
                "LEO74",
                "LEO75",
                "LEO83",
                "LEO84",
                "LEO85"
            ]
        },
        "LEO69": {
            "load": 26.25950750486985,
            "switches": [
                "LEO68",
                "LEO69"
            ]
        }
    },
    "args": {
        "part": "8",
        "ufactor": "600",
        "contig": false
    }
}