{
    "sum_con_loads": 323.61,
    "max_con_load": 56.64,
    "avg_setup_time": 211.43,
    "assign": {
        "LEO24": {
            "load": 33.75424328851822,
            "switches": [
                "LEO11",
                "LEO13",
                "LEO14",
                "LEO15",
                "LEO16",
                "LEO17",
                "LEO18",
                "LEO19",
                "LEO23",
                "LEO24"
            ]
        },
        "LEO22": {
            "load": 44.31088342940781,
            "switches": [
                "LEO21",
                "LEO22",
                "LEO25",
                "LEO26",
                "LEO27",
                "LEO28",
                "LEO29",
                "LEO32",
                "LEO12"
            ]
        },
        "LEO38": {
            "load": 29.163432035516294,
            "switches": [
                "LEO31",
                "LEO35",
                "LEO36",
                "LEO37",
                "LEO38",
                "LEO39",
                "LEO45",
                "LEO55",
                "LEO65",
                "LEO48",
                "LEO58"
            ]
        },
        "LEO33": {
            "load": 55.30927254369028,
            "switches": [
                "LEO43",
                "LEO47",
                "LEO49",
                "LEO53",
                "LEO34",
                "LEO33"
            ]
        },
        "LEO52": {
            "load": 53.796703625374604,
            "switches": [
                "LEO51",
                "LEO52",
                "LEO57",
                "LEO59",
                "LEO41",
                "LEO42"
            ]
        },
        "LEO61": {
            "load": 44.59621549784569,
            "switches": [
                "LEO61",
                "LEO62",
                "LEO67",
                "LEO68",
                "LEO69",
                "LEO71",
                "LEO79"
            ]
        },
        "LEO63": {
            "load": 56.636170230514736,
            "switches": [
                "LEO72",
                "LEO73",
                "LEO74",
                "LEO75",
                "LEO76",
                "LEO77",
                "LEO78",
                "LEO63",
                "LEO83",
                "LEO46",
                "LEO56",
                "LEO66",
                "LEO44",
                "LEO54",
                "LEO64"
            ]
        },
        "LEO84": {
            "load": 6.045682647578354,
            "switches": [
                "LEO81",
                "LEO82",
                "LEO84",
                "LEO85",
                "LEO86",
                "LEO87",
                "LEO88",
                "LEO89"
            ]
        }
    },
    "args": {
        "MCS": "3",
        "MSSLS": "24"
    }
}