{
    "sum_con_loads": 262.06,
    "max_con_load": 62.42,
    "avg_setup_time": 197.89,
    "assign": {
        "LEO32": {
            "load": 62.41699646949503,
            "switches": [
                "LEO11",
                "LEO12",
                "LEO19",
                "LEO21",
                "LEO22",
                "LEO32",
                "LEO41",
                "LEO42",
                "LEO52",
                "LEO61",
                "LEO62"
            ]
        },
        "LEO13": {
            "load": 23.22855608647816,
            "switches": [
                "LEO13",
                "LEO14"
            ]
        },
        "LEO56": {
            "load": 20.910304589878372,
            "switches": [
                "LEO15",
                "LEO16",
                "LEO25",
                "LEO35",
                "LEO36",
                "LEO45",
                "LEO46",
                "LEO55",
                "LEO56",
                "LEO57",
                "LEO65",
                "LEO66",
                "LEO67",
                "LEO75",
                "LEO76",
                "LEO77",
                "LEO85",
                "LEO86",
                "LEO87"
            ]
        },
        "LEO49": {
            "load": 39.60812681500932,
            "switches": [
                "LEO17",
                "LEO18",
                "LEO26",
                "LEO27",
                "LEO28",
                "LEO29",
                "LEO31",
                "LEO37",
                "LEO38",
                "LEO39",
                "LEO47",
                "LEO48",
                "LEO49"
            ]
        },
        "LEO23": {
            "load": 23.236043335268434,
            "switches": [
                "LEO23",
                "LEO24",
                "LEO33",
                "LEO34"
            ]
        },
        "LEO72": {
            "load": 34.8226587240854,
            "switches": [
                "LEO43",
                "LEO44",
                "LEO53",
                "LEO54",
                "LEO63",
                "LEO64",
                "LEO72",
                "LEO73",
                "LEO74",
                "LEO82",
                "LEO83",
                "LEO84"
            ]
        },
        "LEO69": {
            "load": 57.841973409847796,
            "switches": [
                "LEO51",
                "LEO58",
                "LEO59",
                "LEO68",
                "LEO69",
                "LEO71",
                "LEO78",
                "LEO79",
                "LEO81",
                "LEO88",
                "LEO89"
            ]
        }
    },
    "args": {
        "part": "8",
        "ufactor": "1100",
        "contig": false,
        "minconn": true
    }
}