{
    "sum_con_loads": 296.74,
    "max_con_load": 59.12,
    "avg_setup_time": 191.12,
    "assign": {
        "LEO32": {
            "load": 42.03199644666286,
            "switches": [
                "LEO11",
                "LEO12",
                "LEO18",
                "LEO19",
                "LEO21",
                "LEO22",
                "LEO28",
                "LEO29",
                "LEO31",
                "LEO32",
                "LEO38",
                "LEO39"
            ]
        },
        "LEO14": {
            "load": 25.637457510644737,
            "switches": [
                "LEO13",
                "LEO14",
                "LEO15",
                "LEO16",
                "LEO17",
                "LEO25",
                "LEO26",
                "LEO27"
            ]
        },
        "LEO33": {
            "load": 59.118657610847684,
            "switches": [
                "LEO23",
                "LEO24",
                "LEO33",
                "LEO34",
                "LEO43",
                "LEO44",
                "LEO53"
            ]
        },
        "LEO35": {
            "load": 14.57933859957419,
            "switches": [
                "LEO35",
                "LEO36",
                "LEO37",
                "LEO45",
                "LEO46"
            ]
        },
        "LEO41": {
            "load": 28.38675260637955,
            "switches": [
                "LEO41",
                "LEO47",
                "LEO48",
                "LEO49",
                "LEO58",
                "LEO59",
                "LEO67",
                "LEO68"
            ]
        },
        "LEO52": {
            "load": 53.44195796881566,
            "switches": [
                "LEO42",
                "LEO51",
                "LEO52",
                "LEO61",
                "LEO62",
                "LEO69"
            ]
        },
        "LEO63": {
            "load": 50.27945772469143,
            "switches": [
                "LEO54",
                "LEO55",
                "LEO56",
                "LEO57",
                "LEO63",
                "LEO64",
                "LEO65",
                "LEO66",
                "LEO73",
                "LEO74",
                "LEO75",
                "LEO76",
                "LEO77",
                "LEO81",
                "LEO82",
                "LEO83",
                "LEO84",
                "LEO85",
                "LEO86",
                "LEO87"
            ]
        },
        "LEO71": {
            "load": 23.26743433033302,
            "switches": [
                "LEO71",
                "LEO72",
                "LEO78",
                "LEO79",
                "LEO88",
                "LEO89"
            ]
        }
    },
    "args": {
        "part": "8",
        "ufactor": "400",
        "match_order": "SRC",
        "match_scheme": "WeiLoad",
        "contig": true
    }
}