{
    "sum_con_loads": 314.92,
    "max_con_load": 65.1,
    "avg_setup_time": 196.57,
    "assign": {
        "LEO32": {
            "load": 53.128121303673694,
            "switches": [
                "LEO11",
                "LEO12",
                "LEO21",
                "LEO22",
                "LEO32",
                "LEO33"
            ]
        },
        "LEO13": {
            "load": 32.944132092591694,
            "switches": [
                "LEO13",
                "LEO14",
                "LEO15",
                "LEO16",
                "LEO23",
                "LEO24",
                "LEO25",
                "LEO26",
                "LEO34",
                "LEO35",
                "LEO36",
                "LEO45",
                "LEO46",
                "LEO56",
                "LEO66",
                "LEO76"
            ]
        },
        "LEO48": {
            "load": 26.92287492966433,
            "switches": [
                "LEO17",
                "LEO18",
                "LEO27",
                "LEO28",
                "LEO37",
                "LEO38",
                "LEO47",
                "LEO48"
            ]
        },
        "LEO49": {
            "load": 65.09792426790432,
            "switches": [
                "LEO19",
                "LEO29",
                "LEO31",
                "LEO39",
                "LEO49",
                "LEO59"
            ]
        },
        "LEO61": {
            "load": 36.418805666866,
            "switches": [
                "LEO41",
                "LEO42",
                "LEO51",
                "LEO52",
                "LEO61",
                "LEO62",
                "LEO71"
            ]
        },
        "LEO72": {
            "load": 27.024235460846363,
            "switches": [
                "LEO43",
                "LEO44",
                "LEO53",
                "LEO54",
                "LEO55",
                "LEO63",
                "LEO64",
                "LEO65",
                "LEO72",
                "LEO73",
                "LEO74",
                "LEO75",
                "LEO81",
                "LEO82",
                "LEO83",
                "LEO84",
                "LEO85"
            ]
        },
        "LEO58": {
            "load": 34.36417509952611,
            "switches": [
                "LEO57",
                "LEO58",
                "LEO67",
                "LEO68"
            ]
        },
        "LEO79": {
            "load": 39.016658894683374,
            "switches": [
                "LEO69",
                "LEO77",
                "LEO78",
                "LEO79",
                "LEO86",
                "LEO87",
                "LEO88",
                "LEO89"
            ]
        }
    },
    "args": {
        "part": "8",
        "ufactor": "300",
        "contig": false,
        "minconn": true
    }
}