{
    "sum_con_loads": 351.0,
    "max_con_load": 54.87,
    "avg_setup_time": 252.9,
    "assign": {
        "LEO23": {
            "load": 54.874558071248785,
            "switches": [
                "LEO13",
                "LEO14",
                "LEO15",
                "LEO16",
                "LEO17",
                "LEO18",
                "LEO19",
                "LEO43",
                "LEO33",
                "LEO23"
            ]
        },
        "LEO21": {
            "load": 46.17307879427671,
            "switches": [
                "LEO21",
                "LEO24",
                "LEO25",
                "LEO26",
                "LEO27",
                "LEO28",
                "LEO29",
                "LEO31",
                "LEO39",
                "LEO11",
                "LEO12",
                "LEO22"
            ]
        },
        "LEO35": {
            "load": 24.20898414413996,
            "switches": [
                "LEO32",
                "LEO34",
                "LEO35",
                "LEO36",
                "LEO37",
                "LEO38"
            ]
        },
        "LEO41": {
            "load": 50.31938119251498,
            "switches": [
                "LEO41",
                "LEO42",
                "LEO45",
                "LEO46",
                "LEO47",
                "LEO48",
                "LEO49"
            ]
        },
        "LEO51": {
            "load": 52.03757670744214,
            "switches": [
                "LEO51",
                "LEO55",
                "LEO56",
                "LEO57",
                "LEO58",
                "LEO59"
            ]
        },
        "LEO61": {
            "load": 54.63486661512963,
            "switches": [
                "LEO61",
                "LEO65",
                "LEO66",
                "LEO67",
                "LEO68",
                "LEO69",
                "LEO71",
                "LEO79",
                "LEO78"
            ]
        },
        "LEO63": {
            "load": 52.9905172550886,
            "switches": [
                "LEO72",
                "LEO73",
                "LEO74",
                "LEO75",
                "LEO76",
                "LEO77",
                "LEO52",
                "LEO53",
                "LEO63",
                "LEO62",
                "LEO82",
                "LEO64",
                "LEO54",
                "LEO44"
            ]
        },
        "LEO83": {
            "load": 15.763989809105999,
            "switches": [
                "LEO81",
                "LEO83",
                "LEO84",
                "LEO85",
                "LEO86",
                "LEO87",
                "LEO88",
                "LEO89"
            ]
        }
    },
    "args": {
        "MCS": "3",
        "MSSLS": "24"
    }
}