{
    "sum_con_loads": 283.95,
    "max_con_load": 65.3,
    "avg_setup_time": 184.38,
    "assign": {
        "LEO32": {
            "load": 50.070546265279084,
            "switches": [
                "LEO11",
                "LEO12",
                "LEO13",
                "LEO22",
                "LEO23",
                "LEO32",
                "LEO33"
            ]
        },
        "LEO34": {
            "load": 16.462727271207804,
            "switches": [
                "LEO14",
                "LEO15",
                "LEO16",
                "LEO24",
                "LEO25",
                "LEO26",
                "LEO34",
                "LEO35",
                "LEO36",
                "LEO44",
                "LEO45",
                "LEO46",
                "LEO55",
                "LEO65"
            ]
        },
        "LEO39": {
            "load": 23.238612030729044,
            "switches": [
                "LEO17",
                "LEO18",
                "LEO19",
                "LEO27",
                "LEO28",
                "LEO29",
                "LEO37",
                "LEO38",
                "LEO39"
            ]
        },
        "LEO41": {
            "load": 65.30047079275688,
            "switches": [
                "LEO21",
                "LEO31",
                "LEO41",
                "LEO48",
                "LEO49",
                "LEO51",
                "LEO58",
                "LEO59"
            ]
        },
        "LEO62": {
            "load": 60.45274332764592,
            "switches": [
                "LEO42",
                "LEO43",
                "LEO52",
                "LEO53",
                "LEO54",
                "LEO61",
                "LEO62",
                "LEO63",
                "LEO64",
                "LEO72",
                "LEO73",
                "LEO74"
            ]
        },
        "LEO79": {
            "load": 24.22058763590947,
            "switches": [
                "LEO47",
                "LEO56",
                "LEO57",
                "LEO66",
                "LEO67",
                "LEO71",
                "LEO75",
                "LEO76",
                "LEO77",
                "LEO78",
                "LEO79",
                "LEO81",
                "LEO85",
                "LEO86",
                "LEO87",
                "LEO88",
                "LEO89"
            ]
        },
        "LEO69": {
            "load": 26.535554206736435,
            "switches": [
                "LEO68",
                "LEO69"
            ]
        },
        "LEO82": {
            "load": 17.671142859763574,
            "switches": [
                "LEO82",
                "LEO83",
                "LEO84"
            ]
        }
    },
    "args": {
        "part": "8",
        "ufactor": "700",
        "contig": true,
        "minconn": false
    }
}