{
    "sum_con_loads": 255.02,
    "max_con_load": 61.8,
    "avg_setup_time": 184.27,
    "assign": {
        "LEO31": {
            "load": 32.49652481208665,
            "switches": [
                "LEO11",
                "LEO19",
                "LEO21",
                "LEO29",
                "LEO31",
                "LEO39"
            ]
        },
        "LEO32": {
            "load": 61.80215162877403,
            "switches": [
                "LEO12",
                "LEO22",
                "LEO23",
                "LEO32",
                "LEO41",
                "LEO42",
                "LEO51",
                "LEO52",
                "LEO61",
                "LEO62"
            ]
        },
        "LEO13": {
            "load": 17.64571137911358,
            "switches": [
                "LEO13",
                "LEO14"
            ]
        },
        "LEO34": {
            "load": 18.28013241121234,
            "switches": [
                "LEO15",
                "LEO16",
                "LEO24",
                "LEO25",
                "LEO26",
                "LEO33",
                "LEO34",
                "LEO35",
                "LEO36",
                "LEO43",
                "LEO44",
                "LEO45",
                "LEO46",
                "LEO53",
                "LEO54",
                "LEO55",
                "LEO56",
                "LEO63",
                "LEO64",
                "LEO65",
                "LEO66",
                "LEO74",
                "LEO75",
                "LEO76",
                "LEO84",
                "LEO85",
                "LEO86",
                "LEO87"
            ]
        },
        "LEO38": {
            "load": 17.63558829709088,
            "switches": [
                "LEO17",
                "LEO18",
                "LEO27",
                "LEO28",
                "LEO37",
                "LEO38"
            ]
        },
        "LEO49": {
            "load": 44.692852806211576,
            "switches": [
                "LEO47",
                "LEO48",
                "LEO49",
                "LEO57",
                "LEO58",
                "LEO59"
            ]
        },
        "LEO69": {
            "load": 37.73516677817972,
            "switches": [
                "LEO67",
                "LEO68",
                "LEO69",
                "LEO77",
                "LEO78",
                "LEO79",
                "LEO81",
                "LEO88",
                "LEO89"
            ]
        },
        "LEO72": {
            "load": 24.734477672370186,
            "switches": [
                "LEO71",
                "LEO72",
                "LEO73",
                "LEO82",
                "LEO83"
            ]
        }
    },
    "args": {
        "part": "8",
        "ufactor": "700",
        "contig": true,
        "minconn": false
    }
}