{
    "sum_con_loads": 265.41,
    "max_con_load": 55.13,
    "avg_setup_time": 182.49,
    "assign": {
        "LEO31": {
            "load": 41.976734842043555,
            "switches": [
                "LEO11",
                "LEO12",
                "LEO21",
                "LEO22",
                "LEO31",
                "LEO32"
            ]
        },
        "LEO33": {
            "load": 20.03000870308965,
            "switches": [
                "LEO13",
                "LEO14",
                "LEO23",
                "LEO24",
                "LEO33",
                "LEO34",
                "LEO44",
                "LEO54",
                "LEO55",
                "LEO64",
                "LEO65",
                "LEO74",
                "LEO75",
                "LEO84",
                "LEO85"
            ]
        },
        "LEO37": {
            "load": 14.217030096536845,
            "switches": [
                "LEO15",
                "LEO16",
                "LEO17",
                "LEO18",
                "LEO25",
                "LEO26",
                "LEO27",
                "LEO35",
                "LEO36",
                "LEO37",
                "LEO45",
                "LEO46",
                "LEO47"
            ]
        },
        "LEO39": {
            "load": 46.08541930839139,
            "switches": [
                "LEO19",
                "LEO28",
                "LEO29",
                "LEO38",
                "LEO39",
                "LEO48",
                "LEO49"
            ]
        },
        "LEO51": {
            "load": 55.1261578893235,
            "switches": [
                "LEO41",
                "LEO42",
                "LEO43",
                "LEO51",
                "LEO52",
                "LEO53",
                "LEO59",
                "LEO61",
                "LEO62",
                "LEO63",
                "LEO71",
                "LEO72",
                "LEO73"
            ]
        },
        "LEO78": {
            "load": 28.63082798568293,
            "switches": [
                "LEO56",
                "LEO66",
                "LEO76",
                "LEO77",
                "LEO78",
                "LEO79",
                "LEO86",
                "LEO87",
                "LEO88"
            ]
        },
        "LEO58": {
            "load": 38.01492206242539,
            "switches": [
                "LEO57",
                "LEO58",
                "LEO67",
                "LEO68",
                "LEO69"
            ]
        },
        "LEO81": {
            "load": 21.33128649885265,
            "switches": [
                "LEO81",
                "LEO82",
                "LEO83",
                "LEO89"
            ]
        }
    },
    "args": {
        "part": "8",
        "ufactor": "700",
        "contig": false,
        "minconn": false
    }
}