{
    "sum_con_loads": 347.59,
    "max_con_load": 59.95,
    "avg_setup_time": 227.44,
    "assign": {
        "LEO13": {
            "load": 15.781455129859818,
            "switches": [
                "LEO12",
                "LEO13",
                "LEO14",
                "LEO15",
                "LEO16",
                "LEO17",
                "LEO18",
                "LEO19"
            ]
        },
        "LEO32": {
            "load": 51.431688399416736,
            "switches": [
                "LEO22",
                "LEO23",
                "LEO24",
                "LEO25",
                "LEO26",
                "LEO27",
                "LEO28",
                "LEO42",
                "LEO32"
            ]
        },
        "LEO31": {
            "load": 56.511286900532816,
            "switches": [
                "LEO31",
                "LEO33",
                "LEO34",
                "LEO35",
                "LEO36",
                "LEO37",
                "LEO38",
                "LEO39",
                "LEO21",
                "LEO11",
                "LEO29"
            ]
        },
        "LEO41": {
            "load": 43.95174520568678,
            "switches": [
                "LEO41",
                "LEO43",
                "LEO44",
                "LEO45",
                "LEO46",
                "LEO47",
                "LEO48",
                "LEO49"
            ]
        },
        "LEO59": {
            "load": 42.91463667574198,
            "switches": [
                "LEO51",
                "LEO53",
                "LEO54",
                "LEO55",
                "LEO56",
                "LEO57",
                "LEO58",
                "LEO59"
            ]
        },
        "LEO69": {
            "load": 40.30169143010085,
            "switches": [
                "LEO61",
                "LEO63",
                "LEO64",
                "LEO65",
                "LEO66",
                "LEO67",
                "LEO68",
                "LEO69"
            ]
        },
        "LEO71": {
            "load": 36.75068992960962,
            "switches": [
                "LEO71",
                "LEO73",
                "LEO74",
                "LEO75",
                "LEO76",
                "LEO77",
                "LEO78",
                "LEO79"
            ]
        },
        "LEO62": {
            "load": 59.9454037361301,
            "switches": [
                "LEO81",
                "LEO82",
                "LEO83",
                "LEO84",
                "LEO85",
                "LEO86",
                "LEO87",
                "LEO88",
                "LEO89",
                "LEO52",
                "LEO62",
                "LEO72"
            ]
        }
    },
    "args": {
        "MCS": "3",
        "MSSLS": "24"
    }
}