{
    "sum_con_loads": 298.52,
    "max_con_load": 47.84,
    "avg_setup_time": 201.8,
    "assign": {
        "LEO23": {
            "load": 47.8411664427871,
            "switches": [
                "LEO11",
                "LEO13",
                "LEO14",
                "LEO15",
                "LEO16",
                "LEO17",
                "LEO18",
                "LEO19",
                "LEO24",
                "LEO23",
                "LEO34",
                "LEO35",
                "LEO44",
                "LEO36",
                "LEO46",
                "LEO26",
                "LEO54",
                "LEO64",
                "LEO55",
                "LEO45",
                "LEO65",
                "LEO33"
            ]
        },
        "LEO32": {
            "load": 37.70129265606268,
            "switches": [
                "LEO22",
                "LEO25",
                "LEO27",
                "LEO29",
                "LEO32",
                "LEO42",
                "LEO12"
            ]
        },
        "LEO53": {
            "load": 42.57890745490096,
            "switches": [
                "LEO37",
                "LEO63",
                "LEO53",
                "LEO43"
            ]
        },
        "LEO41": {
            "load": 45.847687966545536,
            "switches": [
                "LEO41",
                "LEO48",
                "LEO49",
                "LEO21",
                "LEO31",
                "LEO39",
                "LEO38",
                "LEO28"
            ]
        },
        "LEO51": {
            "load": 47.570258344197406,
            "switches": [
                "LEO51",
                "LEO52",
                "LEO58",
                "LEO59",
                "LEO61",
                "LEO71",
                "LEO79"
            ]
        },
        "LEO69": {
            "load": 18.22255062419428,
            "switches": [
                "LEO62",
                "LEO68",
                "LEO69"
            ]
        },
        "LEO73": {
            "load": 37.42101754616861,
            "switches": [
                "LEO72",
                "LEO73",
                "LEO74",
                "LEO75",
                "LEO76",
                "LEO77",
                "LEO78",
                "LEO56",
                "LEO66",
                "LEO57",
                "LEO47",
                "LEO67"
            ]
        },
        "LEO83": {
            "load": 21.336127314663475,
            "switches": [
                "LEO81",
                "LEO82",
                "LEO83",
                "LEO84",
                "LEO85",
                "LEO86",
                "LEO87",
                "LEO88",
                "LEO89"
            ]
        }
    },
    "args": {
        "MCS": "3",
        "MSSLS": "24"
    }
}