{
    "sum_con_loads": 287.19,
    "max_con_load": 61.06,
    "avg_setup_time": 181.74,
    "assign": {
        "LEO21": {
            "load": 26.838456036588923,
            "switches": [
                "LEO11",
                "LEO12",
                "LEO19",
                "LEO21",
                "LEO29"
            ]
        },
        "LEO32": {
            "load": 59.63961748770104,
            "switches": [
                "LEO13",
                "LEO22",
                "LEO23",
                "LEO32",
                "LEO33",
                "LEO42",
                "LEO43"
            ]
        },
        "LEO24": {
            "load": 27.233718866300812,
            "switches": [
                "LEO14",
                "LEO15",
                "LEO24",
                "LEO25",
                "LEO34",
                "LEO35",
                "LEO44",
                "LEO45",
                "LEO55",
                "LEO56",
                "LEO65"
            ]
        },
        "LEO49": {
            "load": 24.40018164853512,
            "switches": [
                "LEO16",
                "LEO17",
                "LEO18",
                "LEO26",
                "LEO27",
                "LEO28",
                "LEO36",
                "LEO37",
                "LEO38",
                "LEO39",
                "LEO46",
                "LEO47",
                "LEO48",
                "LEO49",
                "LEO57",
                "LEO67"
            ]
        },
        "LEO51": {
            "load": 61.056448921014194,
            "switches": [
                "LEO31",
                "LEO41",
                "LEO51",
                "LEO58",
                "LEO59",
                "LEO61",
                "LEO68",
                "LEO69"
            ]
        },
        "LEO62": {
            "load": 44.253403955750365,
            "switches": [
                "LEO52",
                "LEO62",
                "LEO71",
                "LEO72",
                "LEO81",
                "LEO82",
                "LEO83",
                "LEO84",
                "LEO85"
            ]
        },
        "LEO63": {
            "load": 19.67244381436934,
            "switches": [
                "LEO53",
                "LEO54",
                "LEO63",
                "LEO64",
                "LEO73",
                "LEO74",
                "LEO75"
            ]
        },
        "LEO79": {
            "load": 24.093846970180554,
            "switches": [
                "LEO66",
                "LEO76",
                "LEO77",
                "LEO78",
                "LEO79",
                "LEO86",
                "LEO87",
                "LEO88",
                "LEO89"
            ]
        }
    },
    "args": {
        "part": "8",
        "ufactor": "500",
        "contig": false,
        "minconn": false
    }
}