{
    "sum_con_loads": 289.06,
    "max_con_load": 68.97,
    "avg_setup_time": 193.62,
    "assign": {
        "LEO22": {
            "load": 33.96197346540189,
            "switches": [
                "LEO11",
                "LEO12",
                "LEO19",
                "LEO21",
                "LEO22",
                "LEO23",
                "LEO29",
                "LEO32"
            ]
        },
        "LEO34": {
            "load": 68.96974147994383,
            "switches": [
                "LEO13",
                "LEO14",
                "LEO15",
                "LEO16",
                "LEO24",
                "LEO25",
                "LEO26",
                "LEO33",
                "LEO34",
                "LEO35",
                "LEO43",
                "LEO53"
            ]
        },
        "LEO39": {
            "load": 19.939887987407083,
            "switches": [
                "LEO17",
                "LEO18",
                "LEO27",
                "LEO28",
                "LEO31",
                "LEO36",
                "LEO37",
                "LEO38",
                "LEO39"
            ]
        },
        "LEO42": {
            "load": 27.685244837048447,
            "switches": [
                "LEO41",
                "LEO42"
            ]
        },
        "LEO63": {
            "load": 48.42172804091284,
            "switches": [
                "LEO44",
                "LEO54",
                "LEO63",
                "LEO64",
                "LEO72",
                "LEO73",
                "LEO82",
                "LEO83"
            ]
        },
        "LEO74": {
            "load": 16.769906923913805,
            "switches": [
                "LEO45",
                "LEO46",
                "LEO47",
                "LEO55",
                "LEO56",
                "LEO57",
                "LEO65",
                "LEO66",
                "LEO67",
                "LEO74",
                "LEO75",
                "LEO76",
                "LEO77",
                "LEO84",
                "LEO85",
                "LEO86",
                "LEO87",
                "LEO88"
            ]
        },
        "LEO51": {
            "load": 53.05652026876304,
            "switches": [
                "LEO48",
                "LEO49",
                "LEO51",
                "LEO52",
                "LEO58",
                "LEO59",
                "LEO61",
                "LEO62",
                "LEO68",
                "LEO69",
                "LEO78"
            ]
        },
        "LEO71": {
            "load": 20.255350870581033,
            "switches": [
                "LEO71",
                "LEO79",
                "LEO81",
                "LEO89"
            ]
        }
    },
    "args": {
        "part": "8",
        "ufactor": "1200",
        "contig": true
    }
}