{
    "sum_con_loads": 284.26,
    "max_con_load": 62.37,
    "avg_setup_time": 192.06,
    "assign": {
        "LEO31": {
            "load": 35.285030214563555,
            "switches": [
                "LEO11",
                "LEO12",
                "LEO17",
                "LEO21",
                "LEO22",
                "LEO28",
                "LEO29",
                "LEO31",
                "LEO38",
                "LEO39"
            ]
        },
        "LEO23": {
            "load": 35.539902515812514,
            "switches": [
                "LEO13",
                "LEO14",
                "LEO15",
                "LEO16",
                "LEO23",
                "LEO24",
                "LEO25",
                "LEO26"
            ]
        },
        "LEO32": {
            "load": 62.37001887379875,
            "switches": [
                "LEO18",
                "LEO19",
                "LEO27",
                "LEO32",
                "LEO33",
                "LEO34",
                "LEO35",
                "LEO36",
                "LEO37",
                "LEO42",
                "LEO43",
                "LEO44",
                "LEO45",
                "LEO46",
                "LEO47",
                "LEO52",
                "LEO53"
            ]
        },
        "LEO41": {
            "load": 26.56953669826811,
            "switches": [
                "LEO41",
                "LEO48",
                "LEO49"
            ]
        },
        "LEO69": {
            "load": 53.58661030746772,
            "switches": [
                "LEO51",
                "LEO58",
                "LEO59",
                "LEO61",
                "LEO68",
                "LEO69",
                "LEO78",
                "LEO79"
            ]
        },
        "LEO73": {
            "load": 16.10493175045069,
            "switches": [
                "LEO54",
                "LEO64",
                "LEO73",
                "LEO74",
                "LEO83",
                "LEO84",
                "LEO85",
                "LEO86"
            ]
        },
        "LEO77": {
            "load": 8.112481227151447,
            "switches": [
                "LEO55",
                "LEO56",
                "LEO57",
                "LEO65",
                "LEO66",
                "LEO67",
                "LEO75",
                "LEO76",
                "LEO77"
            ]
        },
        "LEO62": {
            "load": 46.6899068586866,
            "switches": [
                "LEO62",
                "LEO63",
                "LEO71",
                "LEO72",
                "LEO81",
                "LEO82",
                "LEO87",
                "LEO88",
                "LEO89"
            ]
        }
    },
    "args": {
        "part": "8",
        "ufactor": "1000",
        "match_order": "SumWei",
        "match_scheme": "WeiDif",
        "contig": false
    }
}