{
    "sum_con_loads": 391.43,
    "max_con_load": 61.18,
    "avg_setup_time": 241.87,
    "assign": {
        "LEO32": {
            "load": 60.17940036018217,
            "switches": [
                "LEO12",
                "LEO13",
                "LEO17",
                "LEO18",
                "LEO31",
                "LEO32",
                "LEO22",
                "LEO33",
                "LEO34",
                "LEO35",
                "LEO43",
                "LEO53",
                "LEO63",
                "LEO44",
                "LEO54",
                "LEO64"
            ]
        },
        "LEO23": {
            "load": 28.939211071644365,
            "switches": [
                "LEO21",
                "LEO23",
                "LEO24",
                "LEO25",
                "LEO26",
                "LEO27",
                "LEO28",
                "LEO29",
                "LEO11",
                "LEO19",
                "LEO14",
                "LEO15",
                "LEO16"
            ]
        },
        "LEO39": {
            "load": 53.18055921327978,
            "switches": [
                "LEO36",
                "LEO37",
                "LEO38",
                "LEO39"
            ]
        },
        "LEO49": {
            "load": 61.17578630164223,
            "switches": [
                "LEO41",
                "LEO45",
                "LEO46",
                "LEO47",
                "LEO48",
                "LEO49"
            ]
        },
        "LEO59": {
            "load": 60.71809887181153,
            "switches": [
                "LEO55",
                "LEO56",
                "LEO57",
                "LEO58",
                "LEO59"
            ]
        },
        "LEO69": {
            "load": 37.182801603628775,
            "switches": [
                "LEO65",
                "LEO66",
                "LEO67",
                "LEO68",
                "LEO69"
            ]
        },
        "LEO71": {
            "load": 61.112748003126065,
            "switches": [
                "LEO71",
                "LEO74",
                "LEO75",
                "LEO76",
                "LEO77",
                "LEO78",
                "LEO79",
                "LEO42",
                "LEO52",
                "LEO62",
                "LEO51",
                "LEO61"
            ]
        },
        "LEO72": {
            "load": 28.94090034537504,
            "switches": [
                "LEO81",
                "LEO82",
                "LEO83",
                "LEO84",
                "LEO85",
                "LEO86",
                "LEO87",
                "LEO88",
                "LEO89",
                "LEO72",
                "LEO73"
            ]
        }
    },
    "args": {
        "MCS": "3",
        "MSSLS": "24"
    }
}