{
    "sum_con_loads": 384.17,
    "max_con_load": 65.02,
    "avg_setup_time": 270.59,
    "assign": {
        "LEO14": {
            "load": 28.716339804136066,
            "switches": [
                "LEO11",
                "LEO12",
                "LEO13",
                "LEO14",
                "LEO15",
                "LEO16",
                "LEO17",
                "LEO18",
                "LEO19"
            ]
        },
        "LEO22": {
            "load": 65.01818890928168,
            "switches": [
                "LEO21",
                "LEO22",
                "LEO23",
                "LEO24",
                "LEO25",
                "LEO26",
                "LEO27",
                "LEO28",
                "LEO29",
                "LEO42",
                "LEO32"
            ]
        },
        "LEO34": {
            "load": 48.11766302410365,
            "switches": [
                "LEO31",
                "LEO33",
                "LEO34",
                "LEO35",
                "LEO36",
                "LEO37",
                "LEO38",
                "LEO39"
            ]
        },
        "LEO44": {
            "load": 44.051442934196366,
            "switches": [
                "LEO41",
                "LEO44",
                "LEO45",
                "LEO46",
                "LEO47",
                "LEO48",
                "LEO49"
            ]
        },
        "LEO52": {
            "load": 53.08699081691676,
            "switches": [
                "LEO51",
                "LEO52",
                "LEO54",
                "LEO55",
                "LEO56",
                "LEO57",
                "LEO58",
                "LEO59"
            ]
        },
        "LEO62": {
            "load": 59.08090398395256,
            "switches": [
                "LEO61",
                "LEO62",
                "LEO64",
                "LEO65",
                "LEO66",
                "LEO67",
                "LEO68",
                "LEO69",
                "LEO71",
                "LEO79",
                "LEO72"
            ]
        },
        "LEO63": {
            "load": 61.01707752549416,
            "switches": [
                "LEO73",
                "LEO74",
                "LEO75",
                "LEO76",
                "LEO77",
                "LEO78",
                "LEO53",
                "LEO43",
                "LEO63"
            ]
        },
        "LEO83": {
            "load": 25.08576944986225,
            "switches": [
                "LEO81",
                "LEO82",
                "LEO83",
                "LEO84",
                "LEO85",
                "LEO86",
                "LEO87",
                "LEO88",
                "LEO89"
            ]
        }
    },
    "args": {
        "MCS": "3",
        "MSSLS": "24"
    }
}