{
    "sum_con_loads": 262.65,
    "max_con_load": 64.51,
    "avg_setup_time": 182.63,
    "assign": {
        "LEO21": {
            "load": 23.880085989419776,
            "switches": [
                "LEO11",
                "LEO18",
                "LEO19",
                "LEO21",
                "LEO28",
                "LEO29"
            ]
        },
        "LEO32": {
            "load": 57.00924200311749,
            "switches": [
                "LEO12",
                "LEO13",
                "LEO14",
                "LEO15",
                "LEO16",
                "LEO22",
                "LEO23",
                "LEO24",
                "LEO25",
                "LEO26",
                "LEO32",
                "LEO33",
                "LEO34",
                "LEO42",
                "LEO43",
                "LEO44"
            ]
        },
        "LEO58": {
            "load": 13.622292305192014,
            "switches": [
                "LEO17",
                "LEO27",
                "LEO36",
                "LEO37",
                "LEO46",
                "LEO47",
                "LEO48",
                "LEO56",
                "LEO57",
                "LEO58"
            ]
        },
        "LEO41": {
            "load": 52.42859387716548,
            "switches": [
                "LEO31",
                "LEO38",
                "LEO39",
                "LEO41",
                "LEO49",
                "LEO51",
                "LEO59"
            ]
        },
        "LEO77": {
            "load": 8.268021762777467,
            "switches": [
                "LEO35",
                "LEO45",
                "LEO55",
                "LEO65",
                "LEO66",
                "LEO67",
                "LEO75",
                "LEO76",
                "LEO77",
                "LEO85",
                "LEO86",
                "LEO87"
            ]
        },
        "LEO62": {
            "load": 64.50503820291472,
            "switches": [
                "LEO52",
                "LEO53",
                "LEO54",
                "LEO61",
                "LEO62",
                "LEO63",
                "LEO64",
                "LEO72",
                "LEO73",
                "LEO74",
                "LEO81",
                "LEO82",
                "LEO88",
                "LEO89"
            ]
        },
        "LEO69": {
            "load": 36.89031833247859,
            "switches": [
                "LEO68",
                "LEO69",
                "LEO71",
                "LEO78",
                "LEO79"
            ]
        },
        "LEO83": {
            "load": 6.046902692384959,
            "switches": [
                "LEO83",
                "LEO84"
            ]
        }
    },
    "args": {
        "part": "8",
        "ufactor": "1500",
        "match_order": "Wei",
        "match_scheme": "WeiLoad",
        "contig": true
    }
}