{
    "sum_con_loads": 354.69,
    "max_con_load": 55.85,
    "avg_setup_time": 238.84,
    "assign": {
        "LEO33": {
            "load": 48.23981877887631,
            "switches": [
                "LEO12",
                "LEO13",
                "LEO14",
                "LEO15",
                "LEO16",
                "LEO17",
                "LEO18",
                "LEO19",
                "LEO23",
                "LEO33"
            ]
        },
        "LEO21": {
            "load": 41.04164930192189,
            "switches": [
                "LEO21",
                "LEO22",
                "LEO24",
                "LEO25",
                "LEO26",
                "LEO27",
                "LEO28",
                "LEO29",
                "LEO31",
                "LEO11"
            ]
        },
        "LEO37": {
            "load": 25.68756161224703,
            "switches": [
                "LEO34",
                "LEO35",
                "LEO36",
                "LEO37",
                "LEO38",
                "LEO39"
            ]
        },
        "LEO41": {
            "load": 36.571501067620005,
            "switches": [
                "LEO41",
                "LEO43",
                "LEO44",
                "LEO45",
                "LEO46",
                "LEO47",
                "LEO48",
                "LEO49"
            ]
        },
        "LEO51": {
            "load": 44.29685811016055,
            "switches": [
                "LEO51",
                "LEO53",
                "LEO54",
                "LEO55",
                "LEO56",
                "LEO57",
                "LEO58",
                "LEO59"
            ]
        },
        "LEO61": {
            "load": 49.523923843876034,
            "switches": [
                "LEO61",
                "LEO63",
                "LEO64",
                "LEO65",
                "LEO66",
                "LEO67",
                "LEO68",
                "LEO69",
                "LEO73",
                "LEO74",
                "LEO75"
            ]
        },
        "LEO72": {
            "load": 55.8516525445082,
            "switches": [
                "LEO71",
                "LEO72",
                "LEO76",
                "LEO77",
                "LEO78",
                "LEO79",
                "LEO62",
                "LEO82"
            ]
        },
        "LEO42": {
            "load": 53.47297982972752,
            "switches": [
                "LEO81",
                "LEO83",
                "LEO84",
                "LEO85",
                "LEO86",
                "LEO87",
                "LEO88",
                "LEO89",
                "LEO32",
                "LEO42",
                "LEO52"
            ]
        }
    },
    "args": {
        "MCS": "3",
        "MSSLS": "24"
    }
}