{
    "sum_con_loads": 362.47,
    "max_con_load": 62.05,
    "avg_setup_time": 258.09,
    "assign": {
        "LEO32": {
            "load": 62.045944102811376,
            "switches": [
                "LEO12",
                "LEO13",
                "LEO16",
                "LEO17",
                "LEO18",
                "LEO32",
                "LEO42",
                "LEO22",
                "LEO51",
                "LEO52",
                "LEO62"
            ]
        },
        "LEO23": {
            "load": 34.16255048218786,
            "switches": [
                "LEO21",
                "LEO23",
                "LEO24",
                "LEO25",
                "LEO26",
                "LEO27",
                "LEO28",
                "LEO29",
                "LEO11",
                "LEO19",
                "LEO14",
                "LEO15"
            ]
        },
        "LEO33": {
            "load": 42.26725666865258,
            "switches": [
                "LEO31",
                "LEO33",
                "LEO34",
                "LEO35",
                "LEO36",
                "LEO37",
                "LEO38",
                "LEO39"
            ]
        },
        "LEO49": {
            "load": 55.784914366288845,
            "switches": [
                "LEO41",
                "LEO43",
                "LEO44",
                "LEO45",
                "LEO46",
                "LEO47",
                "LEO48",
                "LEO49"
            ]
        },
        "LEO59": {
            "load": 59.532290579915966,
            "switches": [
                "LEO53",
                "LEO54",
                "LEO55",
                "LEO56",
                "LEO57",
                "LEO58",
                "LEO59"
            ]
        },
        "LEO69": {
            "load": 49.27763237692043,
            "switches": [
                "LEO61",
                "LEO63",
                "LEO64",
                "LEO65",
                "LEO66",
                "LEO67",
                "LEO68",
                "LEO69"
            ]
        },
        "LEO71": {
            "load": 43.62245257411117,
            "switches": [
                "LEO71",
                "LEO72",
                "LEO73",
                "LEO74",
                "LEO75",
                "LEO76",
                "LEO77",
                "LEO78",
                "LEO79"
            ]
        },
        "LEO82": {
            "load": 15.779893843210267,
            "switches": [
                "LEO81",
                "LEO82",
                "LEO83",
                "LEO84",
                "LEO85",
                "LEO86",
                "LEO87",
                "LEO88",
                "LEO89"
            ]
        }
    },
    "args": {
        "MCS": "3",
        "MSSLS": "24"
    }
}