{
    "sum_con_loads": 281.89,
    "max_con_load": 63.42,
    "avg_setup_time": 180.53,
    "assign": {
        "LEO12": {
            "load": 15.781455129859815,
            "switches": [
                "LEO11",
                "LEO12",
                "LEO13",
                "LEO14",
                "LEO15",
                "LEO16"
            ]
        },
        "LEO39": {
            "load": 33.94776991904614,
            "switches": [
                "LEO17",
                "LEO18",
                "LEO19",
                "LEO27",
                "LEO28",
                "LEO29",
                "LEO37",
                "LEO38",
                "LEO39"
            ]
        },
        "LEO31": {
            "load": 54.06394996662046,
            "switches": [
                "LEO21",
                "LEO22",
                "LEO23",
                "LEO31",
                "LEO32",
                "LEO33",
                "LEO41",
                "LEO42",
                "LEO43",
                "LEO52",
                "LEO53"
            ]
        },
        "LEO77": {
            "load": 25.34661841555156,
            "switches": [
                "LEO24",
                "LEO25",
                "LEO26",
                "LEO34",
                "LEO35",
                "LEO36",
                "LEO44",
                "LEO45",
                "LEO46",
                "LEO54",
                "LEO55",
                "LEO56",
                "LEO64",
                "LEO65",
                "LEO66",
                "LEO74",
                "LEO75",
                "LEO76",
                "LEO77",
                "LEO78",
                "LEO79",
                "LEO84",
                "LEO85",
                "LEO86",
                "LEO87",
                "LEO88",
                "LEO89"
            ]
        },
        "LEO58": {
            "load": 47.40418538588251,
            "switches": [
                "LEO47",
                "LEO48",
                "LEO49",
                "LEO57",
                "LEO58",
                "LEO59"
            ]
        },
        "LEO61": {
            "load": 63.41618716083216,
            "switches": [
                "LEO51",
                "LEO61",
                "LEO62",
                "LEO71",
                "LEO72",
                "LEO81"
            ]
        },
        "LEO73": {
            "load": 16.051754395844444,
            "switches": [
                "LEO63",
                "LEO73",
                "LEO82",
                "LEO83"
            ]
        },
        "LEO68": {
            "load": 25.88011666807536,
            "switches": [
                "LEO67",
                "LEO68",
                "LEO69"
            ]
        }
    },
    "args": {
        "part": "8",
        "ufactor": "900",
        "contig": true
    }
}