{
    "sum_con_loads": 362.45,
    "max_con_load": 63.94,
    "avg_setup_time": 259.27,
    "assign": {
        "LEO11": {
            "load": 37.322393669941476,
            "switches": [
                "LEO11",
                "LEO12",
                "LEO13",
                "LEO14",
                "LEO15",
                "LEO16",
                "LEO17",
                "LEO18",
                "LEO19"
            ]
        },
        "LEO21": {
            "load": 63.93953667906931,
            "switches": [
                "LEO21",
                "LEO22",
                "LEO25",
                "LEO26",
                "LEO27",
                "LEO28",
                "LEO29",
                "LEO51",
                "LEO41",
                "LEO31"
            ]
        },
        "LEO38": {
            "load": 35.0488086391265,
            "switches": [
                "LEO32",
                "LEO33",
                "LEO34",
                "LEO35",
                "LEO36",
                "LEO37",
                "LEO38",
                "LEO39",
                "LEO23",
                "LEO24"
            ]
        },
        "LEO48": {
            "load": 37.46447580796991,
            "switches": [
                "LEO42",
                "LEO43",
                "LEO44",
                "LEO45",
                "LEO46",
                "LEO47",
                "LEO48",
                "LEO49"
            ]
        },
        "LEO58": {
            "load": 56.363451332170456,
            "switches": [
                "LEO52",
                "LEO53",
                "LEO54",
                "LEO55",
                "LEO56",
                "LEO57",
                "LEO58",
                "LEO59"
            ]
        },
        "LEO68": {
            "load": 51.45614527457519,
            "switches": [
                "LEO62",
                "LEO63",
                "LEO64",
                "LEO65",
                "LEO66",
                "LEO67",
                "LEO68",
                "LEO69"
            ]
        },
        "LEO71": {
            "load": 59.46549799714813,
            "switches": [
                "LEO71",
                "LEO72",
                "LEO73",
                "LEO74",
                "LEO75",
                "LEO76",
                "LEO77",
                "LEO78",
                "LEO79",
                "LEO61"
            ]
        },
        "LEO81": {
            "load": 21.39100213748436,
            "switches": [
                "LEO81",
                "LEO82",
                "LEO83",
                "LEO84",
                "LEO85",
                "LEO86",
                "LEO87",
                "LEO88",
                "LEO89"
            ]
        }
    },
    "args": {
        "MCS": "3",
        "MSSLS": "24"
    }
}