{
    "sum_con_loads": 348.81,
    "max_con_load": 66.67,
    "avg_setup_time": 224.31,
    "assign": {
        "LEO14": {
            "load": 21.42531585636645,
            "switches": [
                "LEO11",
                "LEO13",
                "LEO14",
                "LEO15",
                "LEO16",
                "LEO17",
                "LEO18",
                "LEO19"
            ]
        },
        "LEO24": {
            "load": 34.55925545150979,
            "switches": [
                "LEO21",
                "LEO23",
                "LEO24",
                "LEO25",
                "LEO26",
                "LEO27",
                "LEO28",
                "LEO29"
            ]
        },
        "LEO33": {
            "load": 66.66631986930607,
            "switches": [
                "LEO33",
                "LEO34",
                "LEO35",
                "LEO36",
                "LEO37",
                "LEO38",
                "LEO53",
                "LEO43",
                "LEO54",
                "LEO44",
                "LEO46"
            ]
        },
        "LEO42": {
            "load": 49.31057887461155,
            "switches": [
                "LEO41",
                "LEO42",
                "LEO45",
                "LEO47",
                "LEO48",
                "LEO49",
                "LEO32",
                "LEO22",
                "LEO12",
                "LEO31",
                "LEO39"
            ]
        },
        "LEO52": {
            "load": 63.22641825356058,
            "switches": [
                "LEO51",
                "LEO52",
                "LEO55",
                "LEO56",
                "LEO57",
                "LEO58",
                "LEO59",
                "LEO61",
                "LEO62"
            ]
        },
        "LEO63": {
            "load": 35.708755866171245,
            "switches": [
                "LEO63",
                "LEO64",
                "LEO65",
                "LEO66",
                "LEO67",
                "LEO68",
                "LEO69"
            ]
        },
        "LEO73": {
            "load": 52.82409768852614,
            "switches": [
                "LEO71",
                "LEO72",
                "LEO73",
                "LEO74",
                "LEO75",
                "LEO76",
                "LEO77",
                "LEO78",
                "LEO79"
            ]
        },
        "LEO83": {
            "load": 25.08576944986225,
            "switches": [
                "LEO81",
                "LEO82",
                "LEO83",
                "LEO84",
                "LEO85",
                "LEO86",
                "LEO87",
                "LEO88",
                "LEO89"
            ]
        }
    },
    "args": {
        "MCS": "3",
        "MSSLS": "24"
    }
}