{
    "sum_con_loads": 265.68,
    "max_con_load": 52.0,
    "avg_setup_time": 187.91,
    "assign": {
        "LEO11": {
            "load": 25.00992475877154,
            "switches": [
                "LEO11",
                "LEO12",
                "LEO13"
            ]
        },
        "LEO34": {
            "load": 18.683639017841195,
            "switches": [
                "LEO14",
                "LEO15",
                "LEO16",
                "LEO23",
                "LEO24",
                "LEO25",
                "LEO33",
                "LEO34",
                "LEO35",
                "LEO43",
                "LEO44",
                "LEO45",
                "LEO53",
                "LEO54",
                "LEO55",
                "LEO64",
                "LEO73",
                "LEO74",
                "LEO82",
                "LEO83",
                "LEO84"
            ]
        },
        "LEO37": {
            "load": 23.816722794052808,
            "switches": [
                "LEO17",
                "LEO18",
                "LEO26",
                "LEO27",
                "LEO36",
                "LEO37",
                "LEO47"
            ]
        },
        "LEO38": {
            "load": 48.07063027937589,
            "switches": [
                "LEO19",
                "LEO28",
                "LEO29",
                "LEO38",
                "LEO39",
                "LEO48"
            ]
        },
        "LEO31": {
            "load": 51.99688013103086,
            "switches": [
                "LEO21",
                "LEO22",
                "LEO31",
                "LEO32",
                "LEO41",
                "LEO42",
                "LEO49",
                "LEO51",
                "LEO52",
                "LEO61",
                "LEO62",
                "LEO63",
                "LEO69"
            ]
        },
        "LEO67": {
            "load": 24.147887923383077,
            "switches": [
                "LEO46",
                "LEO56",
                "LEO65",
                "LEO66",
                "LEO67",
                "LEO75",
                "LEO76",
                "LEO77",
                "LEO85",
                "LEO86",
                "LEO87",
                "LEO88"
            ]
        },
        "LEO58": {
            "load": 48.02811430090861,
            "switches": [
                "LEO57",
                "LEO58",
                "LEO59",
                "LEO68",
                "LEO78"
            ]
        },
        "LEO71": {
            "load": 25.928910157650623,
            "switches": [
                "LEO71",
                "LEO72",
                "LEO79",
                "LEO81",
                "LEO89"
            ]
        }
    },
    "args": {
        "part": "8",
        "ufactor": "600",
        "match_order": "SRC",
        "match_scheme": "SRC",
        "contig": false
    }
}