{
    "sum_con_loads": 250.9,
    "max_con_load": 65.38,
    "avg_setup_time": 199.26,
    "assign": {
        "LEO33": {
            "load": 64.71660216573765,
            "switches": [
                "LEO11",
                "LEO12",
                "LEO13",
                "LEO21",
                "LEO22",
                "LEO23",
                "LEO32",
                "LEO33",
                "LEO34",
                "LEO35",
                "LEO42",
                "LEO43",
                "LEO44",
                "LEO45",
                "LEO52",
                "LEO53",
                "LEO54",
                "LEO55"
            ]
        },
        "LEO14": {
            "load": 23.223690860172486,
            "switches": [
                "LEO14",
                "LEO15"
            ]
        },
        "LEO57": {
            "load": 21.780143917406996,
            "switches": [
                "LEO16",
                "LEO17",
                "LEO18",
                "LEO19",
                "LEO26",
                "LEO27",
                "LEO28",
                "LEO29",
                "LEO36",
                "LEO37",
                "LEO38",
                "LEO46",
                "LEO47",
                "LEO48",
                "LEO56",
                "LEO57",
                "LEO58",
                "LEO65",
                "LEO66",
                "LEO67",
                "LEO68",
                "LEO75",
                "LEO76",
                "LEO77",
                "LEO85",
                "LEO86",
                "LEO87"
            ]
        },
        "LEO24": {
            "load": 14.9417137143974,
            "switches": [
                "LEO24",
                "LEO25"
            ]
        },
        "LEO51": {
            "load": 65.38162409985269,
            "switches": [
                "LEO31",
                "LEO39",
                "LEO41",
                "LEO49",
                "LEO51",
                "LEO59",
                "LEO61",
                "LEO69"
            ]
        },
        "LEO73": {
            "load": 45.06559158600636,
            "switches": [
                "LEO62",
                "LEO63",
                "LEO64",
                "LEO72",
                "LEO73",
                "LEO74",
                "LEO82",
                "LEO83",
                "LEO84"
            ]
        },
        "LEO71": {
            "load": 15.788913518062026,
            "switches": [
                "LEO71",
                "LEO78",
                "LEO79",
                "LEO81",
                "LEO88",
                "LEO89"
            ]
        }
    },
    "args": {
        "part": "8",
        "ufactor": "1500",
        "contig": false
    }
}