{
    "sum_con_loads": 349.28,
    "max_con_load": 56.83,
    "avg_setup_time": 249.85,
    "assign": {
        "LEO22": {
            "load": 56.82852595494244,
            "switches": [
                "LEO12",
                "LEO13",
                "LEO14",
                "LEO15",
                "LEO16",
                "LEO17",
                "LEO18",
                "LEO19",
                "LEO32",
                "LEO42",
                "LEO22"
            ]
        },
        "LEO23": {
            "load": 19.812975664341003,
            "switches": [
                "LEO23",
                "LEO24",
                "LEO25",
                "LEO26",
                "LEO27",
                "LEO28"
            ]
        },
        "LEO39": {
            "load": 45.31814554145371,
            "switches": [
                "LEO31",
                "LEO33",
                "LEO34",
                "LEO35",
                "LEO36",
                "LEO37",
                "LEO38",
                "LEO39",
                "LEO11",
                "LEO21",
                "LEO29"
            ]
        },
        "LEO49": {
            "load": 50.37071814197776,
            "switches": [
                "LEO41",
                "LEO43",
                "LEO44",
                "LEO45",
                "LEO46",
                "LEO47",
                "LEO48",
                "LEO49"
            ]
        },
        "LEO59": {
            "load": 53.313815262925004,
            "switches": [
                "LEO51",
                "LEO53",
                "LEO54",
                "LEO55",
                "LEO56",
                "LEO57",
                "LEO58",
                "LEO59"
            ]
        },
        "LEO69": {
            "load": 55.03365354733814,
            "switches": [
                "LEO63",
                "LEO64",
                "LEO65",
                "LEO66",
                "LEO67",
                "LEO68",
                "LEO69",
                "LEO74",
                "LEO75",
                "LEO76",
                "LEO77",
                "LEO78"
            ]
        },
        "LEO62": {
            "load": 52.83764298622536,
            "switches": [
                "LEO71",
                "LEO72",
                "LEO73",
                "LEO79",
                "LEO52",
                "LEO62",
                "LEO61",
                "LEO81"
            ]
        },
        "LEO82": {
            "load": 15.761238052225801,
            "switches": [
                "LEO82",
                "LEO83",
                "LEO84",
                "LEO85",
                "LEO86",
                "LEO87",
                "LEO88",
                "LEO89"
            ]
        }
    },
    "args": {
        "MCS": "3",
        "MSSLS": "24"
    }
}