{
    "sum_con_loads": 271.89,
    "max_con_load": 61.18,
    "avg_setup_time": 199.59,
    "assign": {
        "LEO31": {
            "load": 56.11684563548417,
            "switches": [
                "LEO11",
                "LEO12",
                "LEO21",
                "LEO31",
                "LEO39",
                "LEO41",
                "LEO49",
                "LEO51",
                "LEO59"
            ]
        },
        "LEO33": {
            "load": 23.249154213604136,
            "switches": [
                "LEO13",
                "LEO14",
                "LEO15",
                "LEO23",
                "LEO24",
                "LEO32",
                "LEO33",
                "LEO34",
                "LEO42",
                "LEO52"
            ]
        },
        "LEO56": {
            "load": 21.574731447328034,
            "switches": [
                "LEO16",
                "LEO17",
                "LEO26",
                "LEO27",
                "LEO35",
                "LEO36",
                "LEO45",
                "LEO46",
                "LEO55",
                "LEO56",
                "LEO65",
                "LEO66",
                "LEO74",
                "LEO75",
                "LEO76",
                "LEO86",
                "LEO87"
            ]
        },
        "LEO48": {
            "load": 41.95572097958427,
            "switches": [
                "LEO18",
                "LEO19",
                "LEO25",
                "LEO28",
                "LEO29",
                "LEO37",
                "LEO38",
                "LEO47",
                "LEO48"
            ]
        },
        "LEO22": {
            "load": 14.568365328900565,
            "switches": [
                "LEO22"
            ]
        },
        "LEO71": {
            "load": 35.0643791687893,
            "switches": [
                "LEO43",
                "LEO44",
                "LEO53",
                "LEO54",
                "LEO61",
                "LEO62",
                "LEO63",
                "LEO64",
                "LEO69",
                "LEO71",
                "LEO72",
                "LEO73"
            ]
        },
        "LEO68": {
            "load": 61.18303621172702,
            "switches": [
                "LEO57",
                "LEO58",
                "LEO67",
                "LEO68",
                "LEO77",
                "LEO78",
                "LEO79",
                "LEO88"
            ]
        },
        "LEO81": {
            "load": 18.18172060208846,
            "switches": [
                "LEO81",
                "LEO82",
                "LEO83",
                "LEO84",
                "LEO85",
                "LEO89"
            ]
        }
    },
    "args": {
        "part": "8",
        "ufactor": "500",
        "match_order": "Wei",
        "match_scheme": "SRC",
        "contig": true
    }
}