{
    "sum_con_loads": 271.12,
    "max_con_load": 66.15,
    "avg_setup_time": 193.13,
    "assign": {
        "LEO39": {
            "load": 32.43405886407455,
            "switches": [
                "LEO11",
                "LEO15",
                "LEO16",
                "LEO17",
                "LEO18",
                "LEO19",
                "LEO21",
                "LEO25",
                "LEO26",
                "LEO27",
                "LEO28",
                "LEO29",
                "LEO31",
                "LEO35",
                "LEO36",
                "LEO37",
                "LEO38",
                "LEO39",
                "LEO45",
                "LEO46",
                "LEO47",
                "LEO55",
                "LEO56",
                "LEO65",
                "LEO66",
                "LEO76"
            ]
        },
        "LEO32": {
            "load": 57.849420284145985,
            "switches": [
                "LEO12",
                "LEO22",
                "LEO23",
                "LEO24",
                "LEO32",
                "LEO42",
                "LEO51",
                "LEO52"
            ]
        },
        "LEO13": {
            "load": 19.534759325095102,
            "switches": [
                "LEO13",
                "LEO14"
            ]
        },
        "LEO33": {
            "load": 18.57968032848253,
            "switches": [
                "LEO33",
                "LEO34",
                "LEO43",
                "LEO44"
            ]
        },
        "LEO59": {
            "load": 66.15328131316704,
            "switches": [
                "LEO41",
                "LEO48",
                "LEO49",
                "LEO59",
                "LEO67",
                "LEO68",
                "LEO69"
            ]
        },
        "LEO72": {
            "load": 37.95895067645227,
            "switches": [
                "LEO53",
                "LEO54",
                "LEO61",
                "LEO62",
                "LEO63",
                "LEO64",
                "LEO71",
                "LEO72",
                "LEO73",
                "LEO74",
                "LEO75",
                "LEO81",
                "LEO82",
                "LEO83",
                "LEO84",
                "LEO85"
            ]
        },
        "LEO58": {
            "load": 20.92672712545252,
            "switches": [
                "LEO57",
                "LEO58"
            ]
        },
        "LEO79": {
            "load": 17.682397664752497,
            "switches": [
                "LEO77",
                "LEO78",
                "LEO79",
                "LEO86",
                "LEO87",
                "LEO88",
                "LEO89"
            ]
        }
    },
    "args": {
        "part": "8",
        "ufactor": "900",
        "contig": false,
        "minconn": true
    }
}