{
    "sum_con_loads": 303.77,
    "max_con_load": 72.42,
    "avg_setup_time": 199.59,
    "assign": {
        "LEO36": {
            "load": 24.026718799418994,
            "switches": [
                "LEO11",
                "LEO16",
                "LEO17",
                "LEO18",
                "LEO19",
                "LEO26",
                "LEO27",
                "LEO28",
                "LEO35",
                "LEO36",
                "LEO37",
                "LEO38",
                "LEO45",
                "LEO46",
                "LEO47",
                "LEO48",
                "LEO57",
                "LEO58"
            ]
        },
        "LEO42": {
            "load": 72.4220469017132,
            "switches": [
                "LEO12",
                "LEO13",
                "LEO21",
                "LEO22",
                "LEO29",
                "LEO31",
                "LEO32",
                "LEO41",
                "LEO42",
                "LEO52"
            ]
        },
        "LEO34": {
            "load": 54.93510217364185,
            "switches": [
                "LEO14",
                "LEO15",
                "LEO23",
                "LEO24",
                "LEO25",
                "LEO33",
                "LEO34"
            ]
        },
        "LEO51": {
            "load": 31.885545342561237,
            "switches": [
                "LEO39",
                "LEO49",
                "LEO51",
                "LEO59"
            ]
        },
        "LEO63": {
            "load": 43.04381018921017,
            "switches": [
                "LEO43",
                "LEO44",
                "LEO53",
                "LEO54",
                "LEO55",
                "LEO56",
                "LEO63",
                "LEO64",
                "LEO65",
                "LEO66",
                "LEO67",
                "LEO73",
                "LEO74",
                "LEO75",
                "LEO76",
                "LEO77"
            ]
        },
        "LEO61": {
            "load": 31.70062825130543,
            "switches": [
                "LEO61",
                "LEO68",
                "LEO69",
                "LEO71",
                "LEO78",
                "LEO79",
                "LEO87",
                "LEO88",
                "LEO89"
            ]
        },
        "LEO62": {
            "load": 31.877758548187273,
            "switches": [
                "LEO62",
                "LEO72",
                "LEO81",
                "LEO82"
            ]
        },
        "LEO84": {
            "load": 13.879912279336768,
            "switches": [
                "LEO83",
                "LEO84",
                "LEO85",
                "LEO86"
            ]
        }
    },
    "args": {
        "part": "8",
        "ufactor": "1400",
        "match_order": "SRC",
        "match_scheme": "WeiDif",
        "contig": false
    }
}