{
    "sum_con_loads": 355.77,
    "max_con_load": 60.96,
    "avg_setup_time": 262.73,
    "assign": {
        "LEO32": {
            "load": 60.95730774811997,
            "switches": [
                "LEO12",
                "LEO13",
                "LEO17",
                "LEO18",
                "LEO32",
                "LEO22",
                "LEO42",
                "LEO52",
                "LEO62"
            ]
        },
        "LEO23": {
            "load": 35.75613513827252,
            "switches": [
                "LEO21",
                "LEO23",
                "LEO24",
                "LEO25",
                "LEO26",
                "LEO27",
                "LEO28",
                "LEO29",
                "LEO11",
                "LEO19",
                "LEO14",
                "LEO15",
                "LEO16"
            ]
        },
        "LEO39": {
            "load": 57.29979131423648,
            "switches": [
                "LEO31",
                "LEO33",
                "LEO34",
                "LEO35",
                "LEO36",
                "LEO37",
                "LEO38",
                "LEO39"
            ]
        },
        "LEO49": {
            "load": 47.780931786256055,
            "switches": [
                "LEO41",
                "LEO43",
                "LEO44",
                "LEO45",
                "LEO46",
                "LEO47",
                "LEO48",
                "LEO49"
            ]
        },
        "LEO59": {
            "load": 51.348988172537034,
            "switches": [
                "LEO53",
                "LEO54",
                "LEO55",
                "LEO56",
                "LEO57",
                "LEO58",
                "LEO59"
            ]
        },
        "LEO69": {
            "load": 32.08536601611428,
            "switches": [
                "LEO63",
                "LEO64",
                "LEO65",
                "LEO66",
                "LEO67",
                "LEO68",
                "LEO69"
            ]
        },
        "LEO71": {
            "load": 54.76412506919205,
            "switches": [
                "LEO71",
                "LEO72",
                "LEO73",
                "LEO74",
                "LEO75",
                "LEO76",
                "LEO77",
                "LEO78",
                "LEO79",
                "LEO51",
                "LEO61"
            ]
        },
        "LEO82": {
            "load": 15.779893843210269,
            "switches": [
                "LEO81",
                "LEO82",
                "LEO83",
                "LEO84",
                "LEO85",
                "LEO86",
                "LEO87",
                "LEO88",
                "LEO89"
            ]
        }
    },
    "args": {
        "MCS": "3",
        "MSSLS": "24"
    }
}