{
    "sum_con_loads": 255.82,
    "max_con_load": 64.81,
    "avg_setup_time": 187.52,
    "assign": {
        "LEO31": {
            "load": 21.13796864671832,
            "switches": [
                "LEO11",
                "LEO12",
                "LEO17",
                "LEO18",
                "LEO19",
                "LEO21",
                "LEO28",
                "LEO29",
                "LEO31",
                "LEO32",
                "LEO39"
            ]
        },
        "LEO33": {
            "load": 59.4829473724545,
            "switches": [
                "LEO13",
                "LEO22",
                "LEO23",
                "LEO24",
                "LEO33",
                "LEO34",
                "LEO42",
                "LEO43",
                "LEO44",
                "LEO52",
                "LEO53"
            ]
        },
        "LEO14": {
            "load": 19.543176905450057,
            "switches": [
                "LEO14",
                "LEO15"
            ]
        },
        "LEO37": {
            "load": 22.074619100874532,
            "switches": [
                "LEO16",
                "LEO25",
                "LEO26",
                "LEO27",
                "LEO35",
                "LEO36",
                "LEO37",
                "LEO38",
                "LEO45",
                "LEO46",
                "LEO47",
                "LEO48",
                "LEO56",
                "LEO57",
                "LEO58",
                "LEO66",
                "LEO67",
                "LEO68",
                "LEO76",
                "LEO77",
                "LEO86",
                "LEO87"
            ]
        },
        "LEO51": {
            "load": 64.81176041785014,
            "switches": [
                "LEO41",
                "LEO49",
                "LEO51",
                "LEO59",
                "LEO61"
            ]
        },
        "LEO73": {
            "load": 37.97578583716218,
            "switches": [
                "LEO54",
                "LEO55",
                "LEO62",
                "LEO63",
                "LEO64",
                "LEO65",
                "LEO72",
                "LEO73",
                "LEO74",
                "LEO75",
                "LEO82",
                "LEO83",
                "LEO84",
                "LEO85"
            ]
        },
        "LEO69": {
            "load": 30.793749162201998,
            "switches": [
                "LEO69",
                "LEO71",
                "LEO78",
                "LEO79",
                "LEO81",
                "LEO88",
                "LEO89"
            ]
        }
    },
    "args": {
        "part": "8",
        "ufactor": "900",
        "contig": false
    }
}