{
    "sum_con_loads": 360.02,
    "max_con_load": 54.72,
    "avg_setup_time": 225.94,
    "assign": {
        "LEO13": {
            "load": 23.243936837782517,
            "switches": [
                "LEO12",
                "LEO13",
                "LEO14",
                "LEO15",
                "LEO16",
                "LEO17",
                "LEO18",
                "LEO19"
            ]
        },
        "LEO23": {
            "load": 49.93819385702339,
            "switches": [
                "LEO22",
                "LEO23",
                "LEO24",
                "LEO25",
                "LEO26",
                "LEO27",
                "LEO28",
                "LEO29",
                "LEO34",
                "LEO35",
                "LEO45",
                "LEO36",
                "LEO37",
                "LEO47",
                "LEO57",
                "LEO56"
            ]
        },
        "LEO32": {
            "load": 54.72410686518507,
            "switches": [
                "LEO32",
                "LEO33",
                "LEO52",
                "LEO42"
            ]
        },
        "LEO41": {
            "load": 51.11192056862376,
            "switches": [
                "LEO41",
                "LEO46",
                "LEO48",
                "LEO49",
                "LEO31",
                "LEO21",
                "LEO11",
                "LEO38",
                "LEO39",
                "LEO58"
            ]
        },
        "LEO51": {
            "load": 51.865615350369,
            "switches": [
                "LEO51",
                "LEO59",
                "LEO61"
            ]
        },
        "LEO62": {
            "load": 50.98003230097852,
            "switches": [
                "LEO62",
                "LEO63",
                "LEO66",
                "LEO67",
                "LEO68",
                "LEO69",
                "LEO53",
                "LEO43"
            ]
        },
        "LEO72": {
            "load": 53.10799554230151,
            "switches": [
                "LEO71",
                "LEO72",
                "LEO73",
                "LEO74",
                "LEO75",
                "LEO76",
                "LEO77",
                "LEO78",
                "LEO79",
                "LEO55",
                "LEO65",
                "LEO54",
                "LEO44",
                "LEO64"
            ]
        },
        "LEO82": {
            "load": 25.051374248407537,
            "switches": [
                "LEO81",
                "LEO82",
                "LEO83",
                "LEO84",
                "LEO85",
                "LEO86",
                "LEO87",
                "LEO88",
                "LEO89"
            ]
        }
    },
    "args": {
        "MCS": "3",
        "MSSLS": "24"
    }
}