{
    "sum_con_loads": 345.14,
    "max_con_load": 57.01,
    "avg_setup_time": 235.47,
    "assign": {
        "LEO33": {
            "load": 57.00834473667112,
            "switches": [
                "LEO12",
                "LEO13",
                "LEO14",
                "LEO15",
                "LEO16",
                "LEO17",
                "LEO18",
                "LEO19",
                "LEO43",
                "LEO33",
                "LEO23"
            ]
        },
        "LEO21": {
            "load": 39.84808138518938,
            "switches": [
                "LEO21",
                "LEO22",
                "LEO24",
                "LEO25",
                "LEO26",
                "LEO27",
                "LEO28",
                "LEO29",
                "LEO31",
                "LEO39",
                "LEO11"
            ]
        },
        "LEO35": {
            "load": 29.604569014230403,
            "switches": [
                "LEO32",
                "LEO34",
                "LEO35",
                "LEO36",
                "LEO37",
                "LEO38",
                "LEO54",
                "LEO44",
                "LEO64",
                "LEO56",
                "LEO46",
                "LEO57",
                "LEO67",
                "LEO47"
            ]
        },
        "LEO41": {
            "load": 48.71943392560465,
            "switches": [
                "LEO41",
                "LEO42",
                "LEO45",
                "LEO48",
                "LEO49"
            ]
        },
        "LEO51": {
            "load": 54.316327977674845,
            "switches": [
                "LEO51",
                "LEO55",
                "LEO58",
                "LEO59"
            ]
        },
        "LEO61": {
            "load": 44.559713157622866,
            "switches": [
                "LEO61",
                "LEO62",
                "LEO65",
                "LEO66",
                "LEO68",
                "LEO69"
            ]
        },
        "LEO72": {
            "load": 55.2966447319975,
            "switches": [
                "LEO71",
                "LEO72",
                "LEO73",
                "LEO74",
                "LEO75",
                "LEO76",
                "LEO77",
                "LEO78",
                "LEO79",
                "LEO52",
                "LEO53",
                "LEO63"
            ]
        },
        "LEO83": {
            "load": 15.786627907494232,
            "switches": [
                "LEO81",
                "LEO82",
                "LEO83",
                "LEO84",
                "LEO85",
                "LEO86",
                "LEO87",
                "LEO88",
                "LEO89"
            ]
        }
    },
    "args": {
        "MCS": "3",
        "MSSLS": "24"
    }
}