{
    "sum_con_loads": 302.89,
    "max_con_load": 62.9,
    "avg_setup_time": 198.05,
    "assign": {
        "LEO32": {
            "load": 54.21680456430696,
            "switches": [
                "LEO11",
                "LEO12",
                "LEO13",
                "LEO19",
                "LEO21",
                "LEO22",
                "LEO31",
                "LEO32"
            ]
        },
        "LEO23": {
            "load": 16.992324121964774,
            "switches": [
                "LEO14",
                "LEO15",
                "LEO23",
                "LEO24"
            ]
        },
        "LEO36": {
            "load": 23.414586768032358,
            "switches": [
                "LEO16",
                "LEO17",
                "LEO25",
                "LEO26",
                "LEO27",
                "LEO34",
                "LEO35",
                "LEO36",
                "LEO37",
                "LEO44",
                "LEO45",
                "LEO46",
                "LEO47",
                "LEO54",
                "LEO55",
                "LEO56",
                "LEO57",
                "LEO64",
                "LEO65",
                "LEO66",
                "LEO67",
                "LEO74",
                "LEO75",
                "LEO76"
            ]
        },
        "LEO49": {
            "load": 62.89993112738181,
            "switches": [
                "LEO18",
                "LEO28",
                "LEO29",
                "LEO38",
                "LEO39",
                "LEO48",
                "LEO49"
            ]
        },
        "LEO33": {
            "load": 12.919017841140557,
            "switches": [
                "LEO33",
                "LEO43"
            ]
        },
        "LEO61": {
            "load": 44.11506008292937,
            "switches": [
                "LEO41",
                "LEO42",
                "LEO51",
                "LEO52",
                "LEO53",
                "LEO61",
                "LEO62",
                "LEO63",
                "LEO71",
                "LEO72",
                "LEO73",
                "LEO81",
                "LEO82",
                "LEO83",
                "LEO84",
                "LEO85"
            ]
        },
        "LEO59": {
            "load": 62.01565250047843,
            "switches": [
                "LEO58",
                "LEO59",
                "LEO68",
                "LEO69"
            ]
        },
        "LEO78": {
            "load": 26.315148453428545,
            "switches": [
                "LEO77",
                "LEO78",
                "LEO79",
                "LEO86",
                "LEO87",
                "LEO88",
                "LEO89"
            ]
        }
    },
    "args": {
        "part": "8",
        "ufactor": "700",
        "match_order": "SumWei",
        "match_scheme": "WeiDif",
        "contig": true
    }
}