{
    "sum_con_loads": 253.61,
    "max_con_load": 69.63,
    "avg_setup_time": 194.24,
    "assign": {
        "LEO21": {
            "load": 59.63977518720866,
            "switches": [
                "LEO11",
                "LEO12",
                "LEO19",
                "LEO21",
                "LEO22",
                "LEO23",
                "LEO29",
                "LEO31",
                "LEO39",
                "LEO41",
                "LEO49"
            ]
        },
        "LEO13": {
            "load": 7.191466946218764,
            "switches": [
                "LEO13",
                "LEO14",
                "LEO15",
                "LEO16",
                "LEO17"
            ]
        },
        "LEO38": {
            "load": 25.08286005239103,
            "switches": [
                "LEO18",
                "LEO26",
                "LEO27",
                "LEO28",
                "LEO36",
                "LEO37",
                "LEO38"
            ]
        },
        "LEO32": {
            "load": 23.562734987915356,
            "switches": [
                "LEO24",
                "LEO25",
                "LEO32",
                "LEO33",
                "LEO34",
                "LEO35",
                "LEO42",
                "LEO43",
                "LEO45"
            ]
        },
        "LEO56": {
            "load": 17.575455607031916,
            "switches": [
                "LEO44",
                "LEO46",
                "LEO54",
                "LEO55",
                "LEO56",
                "LEO65",
                "LEO66",
                "LEO75",
                "LEO76",
                "LEO82",
                "LEO83",
                "LEO84",
                "LEO85",
                "LEO86"
            ]
        },
        "LEO58": {
            "load": 69.63171016448268,
            "switches": [
                "LEO47",
                "LEO48",
                "LEO57",
                "LEO58",
                "LEO67",
                "LEO68",
                "LEO77",
                "LEO78"
            ]
        },
        "LEO61": {
            "load": 37.059650381778006,
            "switches": [
                "LEO51",
                "LEO59",
                "LEO61",
                "LEO69",
                "LEO71",
                "LEO79",
                "LEO81",
                "LEO87",
                "LEO88",
                "LEO89"
            ]
        },
        "LEO72": {
            "load": 13.864253752007297,
            "switches": [
                "LEO52",
                "LEO53",
                "LEO62",
                "LEO63",
                "LEO64",
                "LEO72",
                "LEO73",
                "LEO74"
            ]
        }
    },
    "args": {
        "part": "8",
        "ufactor": "2900",
        "match_order": "SRC",
        "match_scheme": "WeiDif",
        "contig": false
    }
}