{
    "sum_con_loads": 295.75,
    "max_con_load": 52.7,
    "avg_setup_time": 187.15,
    "assign": {
        "LEO49": {
            "load": 45.06844635766875,
            "switches": [
                "LEO11",
                "LEO18",
                "LEO19",
                "LEO28",
                "LEO29",
                "LEO31",
                "LEO38",
                "LEO39",
                "LEO48",
                "LEO49"
            ]
        },
        "LEO22": {
            "load": 36.02812971208382,
            "switches": [
                "LEO12",
                "LEO13",
                "LEO21",
                "LEO22",
                "LEO23"
            ]
        },
        "LEO36": {
            "load": 32.087155890054966,
            "switches": [
                "LEO14",
                "LEO15",
                "LEO16",
                "LEO17",
                "LEO24",
                "LEO25",
                "LEO26",
                "LEO27",
                "LEO34",
                "LEO35",
                "LEO36",
                "LEO37",
                "LEO44",
                "LEO45",
                "LEO46",
                "LEO47",
                "LEO54",
                "LEO55",
                "LEO56",
                "LEO57",
                "LEO64",
                "LEO65",
                "LEO66",
                "LEO67",
                "LEO74"
            ]
        },
        "LEO32": {
            "load": 33.64395611052937,
            "switches": [
                "LEO32",
                "LEO33",
                "LEO42",
                "LEO43"
            ]
        },
        "LEO61": {
            "load": 52.70175206840509,
            "switches": [
                "LEO41",
                "LEO51",
                "LEO61",
                "LEO71",
                "LEO81",
                "LEO82",
                "LEO83",
                "LEO84",
                "LEO89"
            ]
        },
        "LEO62": {
            "load": 21.398487188366918,
            "switches": [
                "LEO52",
                "LEO53",
                "LEO62",
                "LEO63",
                "LEO72",
                "LEO73"
            ]
        },
        "LEO59": {
            "load": 51.574276789464555,
            "switches": [
                "LEO58",
                "LEO59",
                "LEO68",
                "LEO69",
                "LEO79"
            ]
        },
        "LEO78": {
            "load": 23.249108502276215,
            "switches": [
                "LEO75",
                "LEO76",
                "LEO77",
                "LEO78",
                "LEO85",
                "LEO86",
                "LEO87",
                "LEO88"
            ]
        }
    },
    "args": {
        "part": "8",
        "ufactor": "500",
        "contig": false,
        "minconn": false
    }
}