{
    "sum_con_loads": 306.26,
    "max_con_load": 53.67,
    "avg_setup_time": 183.87,
    "assign": {
        "LEO42": {
            "load": 50.21641894713061,
            "switches": [
                "LEO11",
                "LEO12",
                "LEO19",
                "LEO21",
                "LEO22",
                "LEO31",
                "LEO32",
                "LEO41",
                "LEO42"
            ]
        },
        "LEO24": {
            "load": 35.419942309302336,
            "switches": [
                "LEO13",
                "LEO14",
                "LEO15",
                "LEO23",
                "LEO24",
                "LEO25"
            ]
        },
        "LEO38": {
            "load": 22.548991459465515,
            "switches": [
                "LEO16",
                "LEO17",
                "LEO26",
                "LEO27",
                "LEO37",
                "LEO38",
                "LEO39",
                "LEO48",
                "LEO49",
                "LEO58",
                "LEO67",
                "LEO68",
                "LEO77",
                "LEO78",
                "LEO88",
                "LEO89"
            ]
        },
        "LEO62": {
            "load": 53.66968504826632,
            "switches": [
                "LEO18",
                "LEO28",
                "LEO29",
                "LEO52",
                "LEO61",
                "LEO62",
                "LEO69",
                "LEO71",
                "LEO72",
                "LEO79"
            ]
        },
        "LEO34": {
            "load": 35.76980151824393,
            "switches": [
                "LEO33",
                "LEO34",
                "LEO35",
                "LEO36"
            ]
        },
        "LEO53": {
            "load": 46.52598860149668,
            "switches": [
                "LEO43",
                "LEO44",
                "LEO45",
                "LEO53",
                "LEO54",
                "LEO55",
                "LEO63",
                "LEO64",
                "LEO65"
            ]
        },
        "LEO73": {
            "load": 36.208881442247396,
            "switches": [
                "LEO46",
                "LEO47",
                "LEO56",
                "LEO57",
                "LEO66",
                "LEO73",
                "LEO74",
                "LEO75",
                "LEO76",
                "LEO81",
                "LEO82",
                "LEO83",
                "LEO84",
                "LEO85",
                "LEO86",
                "LEO87"
            ]
        },
        "LEO51": {
            "load": 25.904103743373476,
            "switches": [
                "LEO51",
                "LEO59"
            ]
        }
    },
    "args": {
        "part": "8",
        "ufactor": "400",
        "match_order": "SumWei",
        "match_scheme": "SRC",
        "contig": true
    }
}