{"LEO32": 83.07918828856828, "LEO63": 58.6802976561811, "LEO24": 44.412973508999826, "LEO74": 42.275980680095095, "LEO61": 42.9034998355288, "LEO49": 45.601742827774316, "LEO22": 17.539990861396394, "LEO25": 15.867296742406209, "LEO81": 3.966762238858814}