{"LEO11": 0, "LEO12": 3, "LEO13": 0.9119999999999999, "LEO14": 5.929354337720549, "LEO15": 9.864914395720682, "LEO16": 4.132185567446564, "LEO17": 0.29030565394201757, "LEO18": 0.28921779859484775, "LEO19": 0, "LEO21": 0, "LEO22": 10.301333333333336, "LEO23": 1.5447154471544717, "LEO24": 28.72420521094932, "LEO25": 14.573809043875567, "LEO26": 1.4077560143724224, "LEO27": 0.6206200420628574, "LEO28": 0.1111111111111111, "LEO29": 0, "LEO31": 6.712380952380952, "LEO32": 9.408277242290934, "LEO33": 0, "LEO34": 35.09560781967391, "LEO35": 13.035936708937452, "LEO36": 5.609321294318935, "LEO37": 0.31700329234697305, "LEO38": 0.9378685684849765, "LEO39": 2.612063492063492, "LEO41": 13.117832851077111, "LEO42": 11.19993930745148, "LEO43": 0, "LEO44": 9.126091461937893, "LEO45": 0, "LEO46": 0.3447167498589163, "LEO47": 0.14400000000000002, "LEO48": 0.3867790788446526, "LEO49": 0.7243778298204528, "LEO51": 17.559231829882563, "LEO52": 27.41451859583461, "LEO53": 8.244221357100422, "LEO54": 1, "LEO55": 0, "LEO56": 0.23140495867768596, "LEO57": 0.2222222222222222, "LEO58": 0, "LEO59": 5.636190476190476, "LEO61": 9.328269021920288, "LEO62": 16.191954031761966, "LEO63": 4.46123693417581, "LEO64": 8.474747508880446, "LEO65": 0, "LEO66": 0, "LEO67": 0, "LEO68": 0.2791111111111111, "LEO69": 0.8891496955309272, "LEO71": 10.291144007679398, "LEO72": 8.819370135614108, "LEO73": 8.082248845444713, "LEO74": 8.576359603877588, "LEO75": 7.833539402615996, "LEO76": 0.8080286738351254, "LEO77": 0.4049586776859504, "LEO78": 0.4336794674859191, "LEO79": 7.199365079365078, "LEO81": 1.9606299212598426, "LEO82": 2.7371521737153337, "LEO83": 4.0339486252742995, "LEO84": 6.147540983606557, "LEO85": 0.14400000000000002, "LEO86": 0, "LEO87": 0, "LEO88": 0.03937007874015748, "LEO89": 0}