{
    "sum_con_loads": 252.27,
    "max_con_load": 60.12,
    "avg_setup_time": 189.05,
    "assign": {
        "LEO31": {
            "load": 60.12458747405158,
            "switches": [
                "LEO11",
                "LEO12",
                "LEO21",
                "LEO22",
                "LEO31",
                "LEO32",
                "LEO41",
                "LEO42",
                "LEO51",
                "LEO61",
                "LEO69"
            ]
        },
        "LEO33": {
            "load": 24.790631896333686,
            "switches": [
                "LEO13",
                "LEO14",
                "LEO15",
                "LEO16",
                "LEO23",
                "LEO24",
                "LEO25",
                "LEO26",
                "LEO33",
                "LEO34",
                "LEO35",
                "LEO36"
            ]
        },
        "LEO38": {
            "load": 39.17490564867741,
            "switches": [
                "LEO17",
                "LEO18",
                "LEO19",
                "LEO27",
                "LEO28",
                "LEO29",
                "LEO37",
                "LEO38",
                "LEO39"
            ]
        },
        "LEO75": {
            "load": 18.139009812164232,
            "switches": [
                "LEO43",
                "LEO44",
                "LEO45",
                "LEO46",
                "LEO52",
                "LEO53",
                "LEO54",
                "LEO55",
                "LEO56",
                "LEO62",
                "LEO63",
                "LEO64",
                "LEO65",
                "LEO66",
                "LEO73",
                "LEO74",
                "LEO75",
                "LEO76",
                "LEO77",
                "LEO85",
                "LEO86",
                "LEO87"
            ]
        },
        "LEO48": {
            "load": 32.87850470014579,
            "switches": [
                "LEO47",
                "LEO48",
                "LEO49"
            ]
        },
        "LEO68": {
            "load": 51.238292745983735,
            "switches": [
                "LEO57",
                "LEO58",
                "LEO59",
                "LEO67",
                "LEO68",
                "LEO78",
                "LEO88"
            ]
        },
        "LEO71": {
            "load": 25.928910157650623,
            "switches": [
                "LEO71",
                "LEO72",
                "LEO79",
                "LEO81",
                "LEO82",
                "LEO83",
                "LEO84",
                "LEO89"
            ]
        }
    },
    "args": {
        "part": "8",
        "ufactor": "1000",
        "contig": true,
        "minconn": false
    }
}