{
    "sum_con_loads": 387.83,
    "max_con_load": 71.46,
    "avg_setup_time": 283.42,
    "assign": {
        "LEO33": {
            "load": 71.45707581589645,
            "switches": [
                "LEO12",
                "LEO13",
                "LEO14",
                "LEO15",
                "LEO16",
                "LEO17",
                "LEO18",
                "LEO19",
                "LEO43",
                "LEO33",
                "LEO23",
                "LEO52",
                "LEO42"
            ]
        },
        "LEO21": {
            "load": 33.5089767633897,
            "switches": [
                "LEO21",
                "LEO22",
                "LEO24",
                "LEO25",
                "LEO26",
                "LEO27",
                "LEO28",
                "LEO29",
                "LEO11"
            ]
        },
        "LEO31": {
            "load": 51.435292579918865,
            "switches": [
                "LEO31",
                "LEO32",
                "LEO34",
                "LEO35",
                "LEO36",
                "LEO37",
                "LEO38",
                "LEO39"
            ]
        },
        "LEO41": {
            "load": 47.60337590016111,
            "switches": [
                "LEO41",
                "LEO44",
                "LEO45",
                "LEO46",
                "LEO47",
                "LEO48",
                "LEO49"
            ]
        },
        "LEO51": {
            "load": 47.16657233996367,
            "switches": [
                "LEO51",
                "LEO53",
                "LEO54",
                "LEO55",
                "LEO56",
                "LEO57",
                "LEO58",
                "LEO59"
            ]
        },
        "LEO62": {
            "load": 70.53793823685446,
            "switches": [
                "LEO61",
                "LEO62",
                "LEO63",
                "LEO64",
                "LEO65",
                "LEO66",
                "LEO67",
                "LEO68",
                "LEO69"
            ]
        },
        "LEO71": {
            "load": 50.32184955519692,
            "switches": [
                "LEO71",
                "LEO72",
                "LEO73",
                "LEO74",
                "LEO75",
                "LEO76",
                "LEO77",
                "LEO78",
                "LEO79"
            ]
        },
        "LEO82": {
            "load": 15.79598522108889,
            "switches": [
                "LEO81",
                "LEO82",
                "LEO83",
                "LEO84",
                "LEO85",
                "LEO86",
                "LEO87",
                "LEO88",
                "LEO89"
            ]
        }
    },
    "args": {
        "MCS": "3",
        "MSSLS": "24"
    }
}