{
    "sum_con_loads": 331.0,
    "max_con_load": 59.59,
    "avg_setup_time": 218.41,
    "assign": {
        "LEO13": {
            "load": 17.648030008483854,
            "switches": [
                "LEO12",
                "LEO13",
                "LEO14",
                "LEO15",
                "LEO16",
                "LEO17",
                "LEO18",
                "LEO19"
            ]
        },
        "LEO32": {
            "load": 59.59482881591006,
            "switches": [
                "LEO22",
                "LEO23",
                "LEO24",
                "LEO42",
                "LEO32",
                "LEO53",
                "LEO43",
                "LEO44",
                "LEO33"
            ]
        },
        "LEO31": {
            "load": 50.22854312523354,
            "switches": [
                "LEO31",
                "LEO34",
                "LEO35",
                "LEO36",
                "LEO37",
                "LEO38",
                "LEO39",
                "LEO21",
                "LEO11",
                "LEO29",
                "LEO25",
                "LEO45",
                "LEO26",
                "LEO27",
                "LEO28",
                "LEO55",
                "LEO65"
            ]
        },
        "LEO49": {
            "load": 16.833107174204244,
            "switches": [
                "LEO46",
                "LEO47",
                "LEO48",
                "LEO49"
            ]
        },
        "LEO51": {
            "load": 57.85558762764182,
            "switches": [
                "LEO51",
                "LEO54",
                "LEO56",
                "LEO57",
                "LEO58",
                "LEO59",
                "LEO61",
                "LEO41"
            ]
        },
        "LEO69": {
            "load": 53.70130264581486,
            "switches": [
                "LEO64",
                "LEO66",
                "LEO67",
                "LEO68",
                "LEO69",
                "LEO52"
            ]
        },
        "LEO79": {
            "load": 32.998423551271436,
            "switches": [
                "LEO71",
                "LEO73",
                "LEO74",
                "LEO75",
                "LEO76",
                "LEO77",
                "LEO78",
                "LEO79"
            ]
        },
        "LEO62": {
            "load": 42.14432908447425,
            "switches": [
                "LEO81",
                "LEO82",
                "LEO83",
                "LEO84",
                "LEO85",
                "LEO86",
                "LEO87",
                "LEO88",
                "LEO89",
                "LEO63",
                "LEO62",
                "LEO72"
            ]
        }
    },
    "args": {
        "MCS": "3",
        "MSSLS": "24"
    }
}