{
    "sum_con_loads": 280.95,
    "max_con_load": 65.93,
    "avg_setup_time": 199.13,
    "assign": {
        "LEO31": {
            "load": 65.92960460275468,
            "switches": [
                "LEO11",
                "LEO19",
                "LEO21",
                "LEO22",
                "LEO29",
                "LEO31",
                "LEO32",
                "LEO39",
                "LEO41",
                "LEO42",
                "LEO51",
                "LEO52",
                "LEO59",
                "LEO61",
                "LEO62"
            ]
        },
        "LEO12": {
            "load": 23.23009641436881,
            "switches": [
                "LEO12",
                "LEO13"
            ]
        },
        "LEO35": {
            "load": 23.318291424217392,
            "switches": [
                "LEO14",
                "LEO15",
                "LEO16",
                "LEO17",
                "LEO23",
                "LEO24",
                "LEO25",
                "LEO26",
                "LEO27",
                "LEO33",
                "LEO34",
                "LEO35",
                "LEO36",
                "LEO37",
                "LEO43",
                "LEO44",
                "LEO45",
                "LEO46"
            ]
        },
        "LEO48": {
            "load": 37.37286667314166,
            "switches": [
                "LEO18",
                "LEO28",
                "LEO38",
                "LEO47",
                "LEO48",
                "LEO49"
            ]
        },
        "LEO72": {
            "load": 17.8746678536564,
            "switches": [
                "LEO53",
                "LEO54",
                "LEO63",
                "LEO64",
                "LEO72",
                "LEO73",
                "LEO74"
            ]
        },
        "LEO56": {
            "load": 25.243065396702335,
            "switches": [
                "LEO55",
                "LEO56",
                "LEO57",
                "LEO65",
                "LEO66",
                "LEO75",
                "LEO76",
                "LEO85",
                "LEO86"
            ]
        },
        "LEO68": {
            "load": 57.8978774302929,
            "switches": [
                "LEO58",
                "LEO67",
                "LEO68",
                "LEO69",
                "LEO77",
                "LEO78",
                "LEO87",
                "LEO88"
            ]
        },
        "LEO71": {
            "load": 30.082182428406348,
            "switches": [
                "LEO71",
                "LEO79",
                "LEO81",
                "LEO82",
                "LEO83",
                "LEO84",
                "LEO89"
            ]
        }
    },
    "args": {
        "part": "8",
        "ufactor": "900",
        "contig": true,
        "minconn": false
    }
}