{
    "sum_con_loads": 304.96,
    "max_con_load": 62.94,
    "avg_setup_time": 192.52,
    "assign": {
        "LEO32": {
            "load": 29.411451968571548,
            "switches": [
                "LEO11",
                "LEO12",
                "LEO13",
                "LEO19",
                "LEO21",
                "LEO22",
                "LEO29",
                "LEO31",
                "LEO32",
                "LEO39",
                "LEO49"
            ]
        },
        "LEO33": {
            "load": 62.942214806044944,
            "switches": [
                "LEO14",
                "LEO23",
                "LEO24",
                "LEO33",
                "LEO34",
                "LEO43",
                "LEO44",
                "LEO53",
                "LEO54"
            ]
        },
        "LEO25": {
            "load": 34.17932759978788,
            "switches": [
                "LEO15",
                "LEO16",
                "LEO25",
                "LEO26",
                "LEO35",
                "LEO36",
                "LEO45",
                "LEO46",
                "LEO47"
            ]
        },
        "LEO51": {
            "load": 32.922796471366986,
            "switches": [
                "LEO17",
                "LEO18",
                "LEO27",
                "LEO28",
                "LEO37",
                "LEO38",
                "LEO48",
                "LEO51",
                "LEO57",
                "LEO58",
                "LEO59",
                "LEO67",
                "LEO68",
                "LEO69",
                "LEO78"
            ]
        },
        "LEO42": {
            "load": 25.812750056798464,
            "switches": [
                "LEO41",
                "LEO42"
            ]
        },
        "LEO62": {
            "load": 58.018458813450145,
            "switches": [
                "LEO52",
                "LEO61",
                "LEO62",
                "LEO71",
                "LEO72",
                "LEO79",
                "LEO81",
                "LEO82",
                "LEO87",
                "LEO88",
                "LEO89"
            ]
        },
        "LEO64": {
            "load": 20.437538590192506,
            "switches": [
                "LEO55",
                "LEO56",
                "LEO64",
                "LEO65",
                "LEO66",
                "LEO74",
                "LEO75",
                "LEO76",
                "LEO77"
            ]
        },
        "LEO73": {
            "load": 41.23248402881456,
            "switches": [
                "LEO63",
                "LEO73",
                "LEO83",
                "LEO84",
                "LEO85",
                "LEO86"
            ]
        }
    },
    "args": {
        "part": "8",
        "ufactor": "600",
        "match_order": "Wei",
        "match_scheme": "SRC",
        "contig": true
    }
}