{
    "sum_con_loads": 245.08,
    "max_con_load": 69.22,
    "avg_setup_time": 201.62,
    "assign": {
        "LEO21": {
            "load": 17.678550873842948,
            "switches": [
                "LEO11",
                "LEO12",
                "LEO21",
                "LEO22"
            ]
        },
        "LEO33": {
            "load": 59.16698962609493,
            "switches": [
                "LEO13",
                "LEO14",
                "LEO23",
                "LEO24",
                "LEO33",
                "LEO34",
                "LEO42",
                "LEO43",
                "LEO52",
                "LEO53"
            ]
        },
        "LEO25": {
            "load": 20.643077599370777,
            "switches": [
                "LEO15",
                "LEO16",
                "LEO17",
                "LEO25",
                "LEO26",
                "LEO27",
                "LEO35",
                "LEO36"
            ]
        },
        "LEO39": {
            "load": 15.82638792744061,
            "switches": [
                "LEO18",
                "LEO19",
                "LEO28",
                "LEO29",
                "LEO38",
                "LEO39",
                "LEO48",
                "LEO49"
            ]
        },
        "LEO51": {
            "load": 69.2175956264621,
            "switches": [
                "LEO31",
                "LEO32",
                "LEO41",
                "LEO51",
                "LEO59",
                "LEO61",
                "LEO69",
                "LEO71",
                "LEO72",
                "LEO79",
                "LEO81",
                "LEO82",
                "LEO89"
            ]
        },
        "LEO57": {
            "load": 19.6568621402473,
            "switches": [
                "LEO37",
                "LEO47",
                "LEO57",
                "LEO58",
                "LEO67",
                "LEO68",
                "LEO76",
                "LEO77",
                "LEO78",
                "LEO86",
                "LEO87",
                "LEO88"
            ]
        },
        "LEO73": {
            "load": 42.89479162078125,
            "switches": [
                "LEO44",
                "LEO45",
                "LEO46",
                "LEO54",
                "LEO55",
                "LEO56",
                "LEO62",
                "LEO63",
                "LEO64",
                "LEO65",
                "LEO66",
                "LEO73",
                "LEO74",
                "LEO75",
                "LEO83",
                "LEO84",
                "LEO85"
            ]
        }
    },
    "args": {
        "part": "8",
        "ufactor": "1300",
        "contig": false,
        "minconn": false
    }
}