{
    "sum_con_loads": 345.13,
    "max_con_load": 60.7,
    "avg_setup_time": 249.31,
    "assign": {
        "LEO12": {
            "load": 32.44040797221885,
            "switches": [
                "LEO12",
                "LEO13",
                "LEO14",
                "LEO15",
                "LEO16",
                "LEO17",
                "LEO18",
                "LEO19"
            ]
        },
        "LEO32": {
            "load": 60.70140469898608,
            "switches": [
                "LEO22",
                "LEO23",
                "LEO26",
                "LEO27",
                "LEO28",
                "LEO52",
                "LEO42",
                "LEO32",
                "LEO61",
                "LEO62"
            ]
        },
        "LEO39": {
            "load": 44.48706922793212,
            "switches": [
                "LEO31",
                "LEO33",
                "LEO34",
                "LEO35",
                "LEO36",
                "LEO37",
                "LEO38",
                "LEO39",
                "LEO21",
                "LEO11",
                "LEO29",
                "LEO24",
                "LEO25"
            ]
        },
        "LEO49": {
            "load": 37.116979863805355,
            "switches": [
                "LEO41",
                "LEO43",
                "LEO44",
                "LEO45",
                "LEO46",
                "LEO47",
                "LEO48",
                "LEO49"
            ]
        },
        "LEO59": {
            "load": 54.90372809256189,
            "switches": [
                "LEO51",
                "LEO53",
                "LEO54",
                "LEO55",
                "LEO56",
                "LEO57",
                "LEO58",
                "LEO59"
            ]
        },
        "LEO69": {
            "load": 49.314977005534416,
            "switches": [
                "LEO63",
                "LEO64",
                "LEO65",
                "LEO66",
                "LEO67",
                "LEO68",
                "LEO69"
            ]
        },
        "LEO71": {
            "load": 48.511477340992876,
            "switches": [
                "LEO71",
                "LEO72",
                "LEO73",
                "LEO74",
                "LEO75",
                "LEO76",
                "LEO77",
                "LEO78",
                "LEO79"
            ]
        },
        "LEO82": {
            "load": 17.657793386259456,
            "switches": [
                "LEO81",
                "LEO82",
                "LEO83",
                "LEO84",
                "LEO85",
                "LEO86",
                "LEO87",
                "LEO88",
                "LEO89"
            ]
        }
    },
    "args": {
        "MCS": "3",
        "MSSLS": "24"
    }
}