{
    "sum_con_loads": 343.95,
    "max_con_load": 58.6,
    "avg_setup_time": 222.57,
    "assign": {
        "LEO14": {
            "load": 15.799511418854323,
            "switches": [
                "LEO11",
                "LEO13",
                "LEO14",
                "LEO15",
                "LEO16",
                "LEO17",
                "LEO18",
                "LEO19"
            ]
        },
        "LEO33": {
            "load": 51.4948854108975,
            "switches": [
                "LEO23",
                "LEO24",
                "LEO25",
                "LEO26",
                "LEO27",
                "LEO28",
                "LEO29",
                "LEO43",
                "LEO33"
            ]
        },
        "LEO32": {
            "load": 56.57674094813789,
            "switches": [
                "LEO31",
                "LEO32",
                "LEO34",
                "LEO35",
                "LEO36",
                "LEO37",
                "LEO38",
                "LEO39",
                "LEO21",
                "LEO22",
                "LEO12"
            ]
        },
        "LEO42": {
            "load": 45.50396236004778,
            "switches": [
                "LEO41",
                "LEO42",
                "LEO44",
                "LEO45",
                "LEO46",
                "LEO47",
                "LEO48",
                "LEO49"
            ]
        },
        "LEO51": {
            "load": 46.92670652629408,
            "switches": [
                "LEO51",
                "LEO52",
                "LEO54",
                "LEO55",
                "LEO56",
                "LEO57",
                "LEO58",
                "LEO59"
            ]
        },
        "LEO61": {
            "load": 39.809837035565984,
            "switches": [
                "LEO61",
                "LEO62",
                "LEO64",
                "LEO65",
                "LEO66",
                "LEO67",
                "LEO68",
                "LEO69"
            ]
        },
        "LEO74": {
            "load": 29.236022692968263,
            "switches": [
                "LEO71",
                "LEO72",
                "LEO74",
                "LEO75",
                "LEO76",
                "LEO77",
                "LEO78",
                "LEO79"
            ]
        },
        "LEO63": {
            "load": 58.59857686908157,
            "switches": [
                "LEO81",
                "LEO82",
                "LEO83",
                "LEO84",
                "LEO85",
                "LEO86",
                "LEO87",
                "LEO88",
                "LEO89",
                "LEO53",
                "LEO63",
                "LEO73"
            ]
        }
    },
    "args": {
        "MCS": "3",
        "MSSLS": "24"
    }
}