{
    "sum_con_loads": 285.34,
    "max_con_load": 65.36,
    "avg_setup_time": 182.82,
    "assign": {
        "LEO14": {
            "load": 25.99168465227558,
            "switches": [
                "LEO11",
                "LEO13",
                "LEO14",
                "LEO15",
                "LEO16",
                "LEO17",
                "LEO18",
                "LEO19",
                "LEO25",
                "LEO26",
                "LEO27",
                "LEO81",
                "LEO82",
                "LEO89"
            ]
        },
        "LEO22": {
            "load": 26.906156775438763,
            "switches": [
                "LEO12",
                "LEO21",
                "LEO22",
                "LEO29"
            ]
        },
        "LEO33": {
            "load": 59.64766580832083,
            "switches": [
                "LEO23",
                "LEO24",
                "LEO33",
                "LEO34",
                "LEO43",
                "LEO44",
                "LEO53",
                "LEO54"
            ]
        },
        "LEO39": {
            "load": 22.73839058585055,
            "switches": [
                "LEO28",
                "LEO31",
                "LEO38",
                "LEO39",
                "LEO48",
                "LEO49",
                "LEO57",
                "LEO58",
                "LEO59",
                "LEO69"
            ]
        },
        "LEO52": {
            "load": 65.35856223357571,
            "switches": [
                "LEO32",
                "LEO41",
                "LEO42",
                "LEO51",
                "LEO52",
                "LEO61",
                "LEO62"
            ]
        },
        "LEO35": {
            "load": 14.880071583620863,
            "switches": [
                "LEO35",
                "LEO36",
                "LEO37",
                "LEO45",
                "LEO46",
                "LEO47"
            ]
        },
        "LEO63": {
            "load": 44.707923494891915,
            "switches": [
                "LEO55",
                "LEO63",
                "LEO64",
                "LEO65",
                "LEO73",
                "LEO74",
                "LEO75",
                "LEO76",
                "LEO83",
                "LEO84",
                "LEO85",
                "LEO86",
                "LEO87"
            ]
        },
        "LEO71": {
            "load": 25.106687997901748,
            "switches": [
                "LEO56",
                "LEO66",
                "LEO67",
                "LEO68",
                "LEO71",
                "LEO72",
                "LEO77",
                "LEO78",
                "LEO79",
                "LEO88"
            ]
        }
    },
    "args": {
        "part": "8",
        "ufactor": "1300",
        "match_order": "LoadWeiLoad",
        "match_scheme": "WeiDif",
        "contig": false
    }
}