{
    "sum_con_loads": 361.11,
    "max_con_load": 61.62,
    "avg_setup_time": 246.97,
    "assign": {
        "LEO24": {
            "load": 60.5175586690095,
            "switches": [
                "LEO11",
                "LEO12",
                "LEO13",
                "LEO14",
                "LEO15",
                "LEO16",
                "LEO17",
                "LEO18",
                "LEO19",
                "LEO44",
                "LEO34",
                "LEO24"
            ]
        },
        "LEO22": {
            "load": 34.39627095590849,
            "switches": [
                "LEO21",
                "LEO22",
                "LEO23",
                "LEO25",
                "LEO26",
                "LEO27",
                "LEO28",
                "LEO29"
            ]
        },
        "LEO32": {
            "load": 54.87931686384367,
            "switches": [
                "LEO31",
                "LEO32",
                "LEO33",
                "LEO35",
                "LEO36",
                "LEO37",
                "LEO38",
                "LEO39",
                "LEO65",
                "LEO55",
                "LEO45"
            ]
        },
        "LEO42": {
            "load": 47.41327897551648,
            "switches": [
                "LEO41",
                "LEO42",
                "LEO46",
                "LEO47",
                "LEO48",
                "LEO49"
            ]
        },
        "LEO51": {
            "load": 37.79960966072094,
            "switches": [
                "LEO51",
                "LEO52",
                "LEO57",
                "LEO58",
                "LEO59"
            ]
        },
        "LEO63": {
            "load": 61.61668214893633,
            "switches": [
                "LEO63",
                "LEO64",
                "LEO67",
                "LEO68",
                "LEO69",
                "LEO43",
                "LEO53",
                "LEO73",
                "LEO83",
                "LEO84",
                "LEO54",
                "LEO74"
            ]
        },
        "LEO72": {
            "load": 57.98946948640607,
            "switches": [
                "LEO71",
                "LEO72",
                "LEO75",
                "LEO76",
                "LEO77",
                "LEO78",
                "LEO79",
                "LEO61",
                "LEO62",
                "LEO66",
                "LEO56"
            ]
        },
        "LEO82": {
            "load": 6.5027415223812675,
            "switches": [
                "LEO81",
                "LEO82",
                "LEO85",
                "LEO86",
                "LEO87",
                "LEO88",
                "LEO89"
            ]
        }
    },
    "args": {
        "MCS": "3",
        "MSSLS": "24"
    }
}