{
    "sum_con_loads": 264.04,
    "max_con_load": 50.24,
    "avg_setup_time": 183.16,
    "assign": {
        "LEO31": {
            "load": 47.786067655266365,
            "switches": [
                "LEO11",
                "LEO19",
                "LEO21",
                "LEO29",
                "LEO31",
                "LEO39",
                "LEO41",
                "LEO49"
            ]
        },
        "LEO22": {
            "load": 39.655891940549324,
            "switches": [
                "LEO12",
                "LEO13",
                "LEO22",
                "LEO23",
                "LEO32",
                "LEO33",
                "LEO43",
                "LEO44",
                "LEO53"
            ]
        },
        "LEO24": {
            "load": 18.697389463055107,
            "switches": [
                "LEO14",
                "LEO15",
                "LEO24",
                "LEO25",
                "LEO34",
                "LEO35",
                "LEO45"
            ]
        },
        "LEO38": {
            "load": 14.144736643040684,
            "switches": [
                "LEO16",
                "LEO17",
                "LEO18",
                "LEO26",
                "LEO27",
                "LEO28",
                "LEO36",
                "LEO37",
                "LEO38",
                "LEO47",
                "LEO48"
            ]
        },
        "LEO62": {
            "load": 50.23830379826053,
            "switches": [
                "LEO42",
                "LEO51",
                "LEO52",
                "LEO54",
                "LEO55",
                "LEO61",
                "LEO62",
                "LEO63",
                "LEO64",
                "LEO65",
                "LEO71",
                "LEO72",
                "LEO73",
                "LEO74",
                "LEO75",
                "LEO84",
                "LEO85"
            ]
        },
        "LEO68": {
            "load": 25.869311345767592,
            "switches": [
                "LEO46",
                "LEO56",
                "LEO57",
                "LEO58",
                "LEO66",
                "LEO67",
                "LEO68",
                "LEO76",
                "LEO77",
                "LEO86",
                "LEO87",
                "LEO88"
            ]
        },
        "LEO69": {
            "load": 46.31943844879237,
            "switches": [
                "LEO59",
                "LEO69",
                "LEO78",
                "LEO79",
                "LEO81",
                "LEO89"
            ]
        },
        "LEO82": {
            "load": 21.324556966504275,
            "switches": [
                "LEO82",
                "LEO83"
            ]
        }
    },
    "args": {
        "part": "8",
        "ufactor": "2100",
        "match_order": "SumWei",
        "match_scheme": "SRC",
        "contig": true
    }
}