{
    "sum_con_loads": 295.98,
    "max_con_load": 60.79,
    "avg_setup_time": 183.31,
    "assign": {
        "LEO31": {
            "load": 50.823508306060994,
            "switches": [
                "LEO11",
                "LEO19",
                "LEO21",
                "LEO22",
                "LEO31",
                "LEO32",
                "LEO41",
                "LEO42",
                "LEO52"
            ]
        },
        "LEO12": {
            "load": 23.908174162566347,
            "switches": [
                "LEO12",
                "LEO13",
                "LEO14",
                "LEO23",
                "LEO24",
                "LEO25",
                "LEO33",
                "LEO34",
                "LEO43",
                "LEO44",
                "LEO45",
                "LEO54"
            ]
        },
        "LEO38": {
            "load": 23.2299290840525,
            "switches": [
                "LEO15",
                "LEO16",
                "LEO17",
                "LEO18",
                "LEO26",
                "LEO27",
                "LEO28",
                "LEO35",
                "LEO36",
                "LEO37",
                "LEO38",
                "LEO46",
                "LEO47"
            ]
        },
        "LEO49": {
            "load": 60.79353910440308,
            "switches": [
                "LEO29",
                "LEO39",
                "LEO48",
                "LEO49",
                "LEO58",
                "LEO59"
            ]
        },
        "LEO61": {
            "load": 56.53668731702645,
            "switches": [
                "LEO51",
                "LEO61",
                "LEO62",
                "LEO71",
                "LEO81",
                "LEO89"
            ]
        },
        "LEO72": {
            "load": 21.58311730993343,
            "switches": [
                "LEO53",
                "LEO63",
                "LEO64",
                "LEO72",
                "LEO73",
                "LEO74",
                "LEO82",
                "LEO83",
                "LEO84"
            ]
        },
        "LEO78": {
            "load": 23.685787167791016,
            "switches": [
                "LEO55",
                "LEO56",
                "LEO65",
                "LEO66",
                "LEO75",
                "LEO76",
                "LEO77",
                "LEO78",
                "LEO79",
                "LEO85",
                "LEO86",
                "LEO87",
                "LEO88"
            ]
        },
        "LEO68": {
            "load": 35.415731293592295,
            "switches": [
                "LEO57",
                "LEO67",
                "LEO68",
                "LEO69"
            ]
        }
    },
    "args": {
        "part": "8",
        "ufactor": "400",
        "contig": true,
        "minconn": false
    }
}