{
    "sum_con_loads": 319.62,
    "max_con_load": 48.91,
    "avg_setup_time": 226.42,
    "assign": {
        "LEO22": {
            "load": 45.209542046951256,
            "switches": [
                "LEO11",
                "LEO12",
                "LEO13",
                "LEO14",
                "LEO15",
                "LEO16",
                "LEO17",
                "LEO18",
                "LEO19",
                "LEO23",
                "LEO22"
            ]
        },
        "LEO21": {
            "load": 27.936822243804436,
            "switches": [
                "LEO21",
                "LEO24",
                "LEO25",
                "LEO26",
                "LEO27",
                "LEO28",
                "LEO29"
            ]
        },
        "LEO31": {
            "load": 45.96946833286553,
            "switches": [
                "LEO31",
                "LEO33",
                "LEO34",
                "LEO35",
                "LEO36",
                "LEO37",
                "LEO38",
                "LEO39"
            ]
        },
        "LEO49": {
            "load": 37.00751588081249,
            "switches": [
                "LEO41",
                "LEO43",
                "LEO44",
                "LEO45",
                "LEO46",
                "LEO47",
                "LEO48",
                "LEO49"
            ]
        },
        "LEO59": {
            "load": 35.13668202642578,
            "switches": [
                "LEO51",
                "LEO53",
                "LEO54",
                "LEO55",
                "LEO56",
                "LEO57",
                "LEO58",
                "LEO59"
            ]
        },
        "LEO69": {
            "load": 37.430885810105266,
            "switches": [
                "LEO61",
                "LEO63",
                "LEO64",
                "LEO65",
                "LEO66",
                "LEO67",
                "LEO68",
                "LEO69"
            ]
        },
        "LEO72": {
            "load": 42.025183657298456,
            "switches": [
                "LEO71",
                "LEO72",
                "LEO73",
                "LEO74",
                "LEO75",
                "LEO76",
                "LEO77",
                "LEO78",
                "LEO79",
                "LEO81",
                "LEO89",
                "LEO82"
            ]
        },
        "LEO42": {
            "load": 48.907854625978466,
            "switches": [
                "LEO83",
                "LEO84",
                "LEO85",
                "LEO86",
                "LEO87",
                "LEO88",
                "LEO32",
                "LEO42",
                "LEO52",
                "LEO62"
            ]
        }
    },
    "args": {
        "MCS": "3",
        "MSSLS": "24"
    }
}