{
    "sum_con_loads": 326.55,
    "max_con_load": 46.01,
    "avg_setup_time": 216.37,
    "assign": {
        "LEO23": {
            "load": 42.421099608261166,
            "switches": [
                "LEO11",
                "LEO12",
                "LEO13",
                "LEO14",
                "LEO15",
                "LEO16",
                "LEO17",
                "LEO18",
                "LEO19",
                "LEO23",
                "LEO24",
                "LEO25",
                "LEO26"
            ]
        },
        "LEO41": {
            "load": 46.013969277968165,
            "switches": [
                "LEO21",
                "LEO22",
                "LEO27",
                "LEO28",
                "LEO29",
                "LEO41",
                "LEO31",
                "LEO48",
                "LEO38",
                "LEO39"
            ]
        },
        "LEO33": {
            "load": 36.46926865851901,
            "switches": [
                "LEO34",
                "LEO35",
                "LEO43",
                "LEO33"
            ]
        },
        "LEO49": {
            "load": 30.03819149498583,
            "switches": [
                "LEO46",
                "LEO49",
                "LEO63",
                "LEO53",
                "LEO32"
            ]
        },
        "LEO59": {
            "load": 45.678343059243765,
            "switches": [
                "LEO51",
                "LEO56",
                "LEO57",
                "LEO58",
                "LEO59",
                "LEO36",
                "LEO37",
                "LEO47"
            ]
        },
        "LEO61": {
            "load": 43.86434142332021,
            "switches": [
                "LEO61",
                "LEO66",
                "LEO67",
                "LEO68",
                "LEO69",
                "LEO71",
                "LEO79",
                "LEO78"
            ]
        },
        "LEO62": {
            "load": 46.000147823288444,
            "switches": [
                "LEO76",
                "LEO77",
                "LEO52",
                "LEO42",
                "LEO62"
            ]
        },
        "LEO72": {
            "load": 36.06370793020914,
            "switches": [
                "LEO81",
                "LEO82",
                "LEO83",
                "LEO84",
                "LEO85",
                "LEO86",
                "LEO87",
                "LEO88",
                "LEO89",
                "LEO72",
                "LEO73",
                "LEO74",
                "LEO75",
                "LEO45",
                "LEO55",
                "LEO65",
                "LEO44",
                "LEO54",
                "LEO64"
            ]
        }
    },
    "args": {
        "MCS": "3",
        "MSSLS": "24"
    }
}