{
    "sum_con_loads": 376.74,
    "max_con_load": 63.77,
    "avg_setup_time": 278.69,
    "assign": {
        "LEO31": {
            "load": 63.770957387265966,
            "switches": [
                "LEO11",
                "LEO12",
                "LEO16",
                "LEO17",
                "LEO18",
                "LEO19",
                "LEO31",
                "LEO21",
                "LEO41",
                "LEO51",
                "LEO61"
            ]
        },
        "LEO22": {
            "load": 35.06979835636779,
            "switches": [
                "LEO22",
                "LEO23",
                "LEO24",
                "LEO25",
                "LEO26",
                "LEO27",
                "LEO28",
                "LEO29",
                "LEO13",
                "LEO14",
                "LEO15"
            ]
        },
        "LEO38": {
            "load": 57.51043655235521,
            "switches": [
                "LEO32",
                "LEO33",
                "LEO34",
                "LEO35",
                "LEO36",
                "LEO37",
                "LEO38",
                "LEO39"
            ]
        },
        "LEO48": {
            "load": 47.78741757295715,
            "switches": [
                "LEO42",
                "LEO43",
                "LEO44",
                "LEO45",
                "LEO46",
                "LEO47",
                "LEO48",
                "LEO49"
            ]
        },
        "LEO58": {
            "load": 62.53925795263177,
            "switches": [
                "LEO52",
                "LEO53",
                "LEO54",
                "LEO55",
                "LEO56",
                "LEO57",
                "LEO58",
                "LEO59"
            ]
        },
        "LEO69": {
            "load": 50.61634361759192,
            "switches": [
                "LEO62",
                "LEO63",
                "LEO64",
                "LEO65",
                "LEO66",
                "LEO67",
                "LEO68",
                "LEO69"
            ]
        },
        "LEO79": {
            "load": 43.66556973654842,
            "switches": [
                "LEO71",
                "LEO72",
                "LEO73",
                "LEO74",
                "LEO75",
                "LEO76",
                "LEO77",
                "LEO78",
                "LEO79"
            ]
        },
        "LEO81": {
            "load": 15.783128827609143,
            "switches": [
                "LEO81",
                "LEO82",
                "LEO83",
                "LEO84",
                "LEO85",
                "LEO86",
                "LEO87",
                "LEO88",
                "LEO89"
            ]
        }
    },
    "args": {
        "MCS": "3",
        "MSSLS": "24"
    }
}