{
    "sum_con_loads": 265.9,
    "max_con_load": 60.66,
    "avg_setup_time": 195.24,
    "assign": {
        "LEO29": {
            "load": 17.679716025426185,
            "switches": [
                "LEO11",
                "LEO17",
                "LEO18",
                "LEO19",
                "LEO21",
                "LEO27",
                "LEO28",
                "LEO29"
            ]
        },
        "LEO32": {
            "load": 60.661496350751136,
            "switches": [
                "LEO12",
                "LEO13",
                "LEO22",
                "LEO23",
                "LEO32",
                "LEO33",
                "LEO41",
                "LEO42",
                "LEO52"
            ]
        },
        "LEO34": {
            "load": 23.16799504802874,
            "switches": [
                "LEO14",
                "LEO15",
                "LEO16",
                "LEO24",
                "LEO25",
                "LEO26",
                "LEO34",
                "LEO35",
                "LEO36",
                "LEO43",
                "LEO44",
                "LEO46",
                "LEO54"
            ]
        },
        "LEO49": {
            "load": 34.60979805466517,
            "switches": [
                "LEO31",
                "LEO37",
                "LEO38",
                "LEO39",
                "LEO47",
                "LEO48",
                "LEO49"
            ]
        },
        "LEO72": {
            "load": 35.279267242110556,
            "switches": [
                "LEO45",
                "LEO53",
                "LEO55",
                "LEO62",
                "LEO63",
                "LEO64",
                "LEO65",
                "LEO72",
                "LEO73",
                "LEO74"
            ]
        },
        "LEO69": {
            "load": 57.35066188860093,
            "switches": [
                "LEO51",
                "LEO58",
                "LEO59",
                "LEO61",
                "LEO68",
                "LEO69",
                "LEO71",
                "LEO79",
                "LEO85",
                "LEO86",
                "LEO87",
                "LEO88",
                "LEO89"
            ]
        },
        "LEO67": {
            "load": 19.488585803413855,
            "switches": [
                "LEO56",
                "LEO57",
                "LEO66",
                "LEO67",
                "LEO75",
                "LEO76",
                "LEO77",
                "LEO78"
            ]
        },
        "LEO82": {
            "load": 17.657793386259456,
            "switches": [
                "LEO81",
                "LEO82",
                "LEO83",
                "LEO84"
            ]
        }
    },
    "args": {
        "part": "8",
        "ufactor": "1500",
        "match_order": "Wei",
        "match_scheme": "WeiLoad",
        "contig": true
    }
}