{
    "sum_con_loads": 294.22,
    "max_con_load": 72.42,
    "avg_setup_time": 192.83,
    "assign": {
        "LEO39": {
            "load": 16.6294099411166,
            "switches": [
                "LEO11",
                "LEO17",
                "LEO18",
                "LEO19",
                "LEO21",
                "LEO27",
                "LEO28",
                "LEO29",
                "LEO37",
                "LEO38",
                "LEO39",
                "LEO47",
                "LEO48",
                "LEO49",
                "LEO57",
                "LEO58",
                "LEO67",
                "LEO68",
                "LEO69",
                "LEO77",
                "LEO78"
            ]
        },
        "LEO42": {
            "load": 72.4220469017132,
            "switches": [
                "LEO12",
                "LEO13",
                "LEO22",
                "LEO31",
                "LEO32",
                "LEO41",
                "LEO42",
                "LEO52"
            ]
        },
        "LEO34": {
            "load": 58.19316447685085,
            "switches": [
                "LEO14",
                "LEO15",
                "LEO16",
                "LEO23",
                "LEO24",
                "LEO25",
                "LEO26",
                "LEO33",
                "LEO34",
                "LEO43",
                "LEO44"
            ]
        },
        "LEO35": {
            "load": 17.332246494287094,
            "switches": [
                "LEO35",
                "LEO36"
            ]
        },
        "LEO74": {
            "load": 27.0450897308988,
            "switches": [
                "LEO45",
                "LEO46",
                "LEO55",
                "LEO56",
                "LEO65",
                "LEO66",
                "LEO74",
                "LEO75",
                "LEO76",
                "LEO83",
                "LEO84",
                "LEO85",
                "LEO86",
                "LEO87"
            ]
        },
        "LEO51": {
            "load": 23.317654680931614,
            "switches": [
                "LEO51",
                "LEO59"
            ]
        },
        "LEO63": {
            "load": 36.73172137792392,
            "switches": [
                "LEO53",
                "LEO54",
                "LEO63",
                "LEO64",
                "LEO73"
            ]
        },
        "LEO62": {
            "load": 42.55087169373381,
            "switches": [
                "LEO61",
                "LEO62",
                "LEO71",
                "LEO72",
                "LEO79",
                "LEO81",
                "LEO82",
                "LEO88",
                "LEO89"
            ]
        }
    },
    "args": {
        "ubvec": "18",
        "itr": "30",
        "seed": "7"
    }
}