{
    "sum_con_loads": 349.38,
    "max_con_load": 61.67,
    "avg_setup_time": 229.03,
    "assign": {
        "LEO34": {
            "load": 58.9917519404611,
            "switches": [
                "LEO11",
                "LEO14",
                "LEO15",
                "LEO16",
                "LEO17",
                "LEO18",
                "LEO19",
                "LEO34",
                "LEO24"
            ]
        },
        "LEO25": {
            "load": 34.15695457983826,
            "switches": [
                "LEO21",
                "LEO22",
                "LEO23",
                "LEO25",
                "LEO26",
                "LEO27",
                "LEO28",
                "LEO29",
                "LEO12",
                "LEO13"
            ]
        },
        "LEO33": {
            "load": 53.74982407431335,
            "switches": [
                "LEO31",
                "LEO33",
                "LEO35",
                "LEO36",
                "LEO37",
                "LEO38",
                "LEO39",
                "LEO55",
                "LEO45",
                "LEO65",
                "LEO57",
                "LEO47",
                "LEO58"
            ]
        },
        "LEO41": {
            "load": 14.05383436457549,
            "switches": [
                "LEO41",
                "LEO43",
                "LEO48",
                "LEO49"
            ]
        },
        "LEO42": {
            "load": 59.692133961855774,
            "switches": [
                "LEO52",
                "LEO32",
                "LEO42"
            ]
        },
        "LEO61": {
            "load": 61.67259650889716,
            "switches": [
                "LEO61",
                "LEO62",
                "LEO67",
                "LEO68",
                "LEO69",
                "LEO51",
                "LEO59",
                "LEO71",
                "LEO72",
                "LEO79"
            ]
        },
        "LEO63": {
            "load": 51.25255515457362,
            "switches": [
                "LEO73",
                "LEO74",
                "LEO75",
                "LEO76",
                "LEO77",
                "LEO78",
                "LEO53",
                "LEO63",
                "LEO54",
                "LEO44",
                "LEO64",
                "LEO56",
                "LEO66",
                "LEO46"
            ]
        },
        "LEO84": {
            "load": 15.81279068147402,
            "switches": [
                "LEO81",
                "LEO82",
                "LEO83",
                "LEO84",
                "LEO85",
                "LEO86",
                "LEO87",
                "LEO88",
                "LEO89"
            ]
        }
    },
    "args": {
        "MCS": "3",
        "MSSLS": "24"
    }
}