{
    "sum_con_loads": 233.4,
    "max_con_load": 62.92,
    "avg_setup_time": 182.76,
    "assign": {
        "LEO31": {
            "load": 36.35026742604886,
            "switches": [
                "LEO11",
                "LEO12",
                "LEO19",
                "LEO21",
                "LEO22",
                "LEO29",
                "LEO31",
                "LEO32",
                "LEO39"
            ]
        },
        "LEO33": {
            "load": 62.91835081795949,
            "switches": [
                "LEO13",
                "LEO23",
                "LEO24",
                "LEO33",
                "LEO34",
                "LEO42",
                "LEO43",
                "LEO44",
                "LEO53",
                "LEO54",
                "LEO63",
                "LEO64"
            ]
        },
        "LEO14": {
            "load": 17.631299196087674,
            "switches": [
                "LEO14",
                "LEO15"
            ]
        },
        "LEO36": {
            "load": 20.477167488415535,
            "switches": [
                "LEO16",
                "LEO17",
                "LEO18",
                "LEO25",
                "LEO26",
                "LEO27",
                "LEO28",
                "LEO35",
                "LEO36",
                "LEO37",
                "LEO38",
                "LEO45",
                "LEO46",
                "LEO47",
                "LEO48",
                "LEO55",
                "LEO56",
                "LEO57",
                "LEO65",
                "LEO66",
                "LEO67",
                "LEO75",
                "LEO76",
                "LEO77",
                "LEO85",
                "LEO86",
                "LEO87"
            ]
        },
        "LEO41": {
            "load": 29.337805536500237,
            "switches": [
                "LEO41",
                "LEO49"
            ]
        },
        "LEO61": {
            "load": 42.085002381473984,
            "switches": [
                "LEO51",
                "LEO52",
                "LEO58",
                "LEO59",
                "LEO61",
                "LEO62",
                "LEO68",
                "LEO69",
                "LEO71",
                "LEO78",
                "LEO79",
                "LEO81",
                "LEO88",
                "LEO89"
            ]
        },
        "LEO73": {
            "load": 24.604835000308995,
            "switches": [
                "LEO72",
                "LEO73",
                "LEO74",
                "LEO82",
                "LEO83",
                "LEO84"
            ]
        }
    },
    "args": {
        "part": "8",
        "ufactor": "1100",
        "contig": false,
        "minconn": false
    }
}