{
    "sum_con_loads": 257.13,
    "max_con_load": 60.55,
    "avg_setup_time": 187.23,
    "assign": {
        "LEO39": {
            "load": 17.62034436757315,
            "switches": [
                "LEO11",
                "LEO17",
                "LEO18",
                "LEO19",
                "LEO27",
                "LEO28",
                "LEO29",
                "LEO37",
                "LEO38",
                "LEO39"
            ]
        },
        "LEO32": {
            "load": 32.31540757534911,
            "switches": [
                "LEO12",
                "LEO21",
                "LEO22",
                "LEO31",
                "LEO32"
            ]
        },
        "LEO33": {
            "load": 60.551545585400035,
            "switches": [
                "LEO13",
                "LEO23",
                "LEO33",
                "LEO34",
                "LEO42",
                "LEO43",
                "LEO44",
                "LEO53",
                "LEO54",
                "LEO62",
                "LEO63"
            ]
        },
        "LEO24": {
            "load": 26.86101250113643,
            "switches": [
                "LEO14",
                "LEO24"
            ]
        },
        "LEO35": {
            "load": 23.28071801728701,
            "switches": [
                "LEO15",
                "LEO16",
                "LEO25",
                "LEO26",
                "LEO35",
                "LEO36",
                "LEO46",
                "LEO47",
                "LEO55",
                "LEO56",
                "LEO57",
                "LEO66",
                "LEO67",
                "LEO75",
                "LEO76",
                "LEO77"
            ]
        },
        "LEO41": {
            "load": 42.79882047308431,
            "switches": [
                "LEO41",
                "LEO48",
                "LEO49",
                "LEO51",
                "LEO52",
                "LEO58",
                "LEO59"
            ]
        },
        "LEO73": {
            "load": 24.604835000308995,
            "switches": [
                "LEO45",
                "LEO64",
                "LEO65",
                "LEO72",
                "LEO73",
                "LEO74",
                "LEO82",
                "LEO83"
            ]
        },
        "LEO61": {
            "load": 29.09396475249069,
            "switches": [
                "LEO61",
                "LEO68",
                "LEO69",
                "LEO71",
                "LEO78",
                "LEO79",
                "LEO81",
                "LEO84",
                "LEO85",
                "LEO86",
                "LEO87",
                "LEO88",
                "LEO89"
            ]
        }
    },
    "args": {
        "part": "8",
        "ufactor": "600",
        "match_order": "Wei",
        "match_scheme": "SRC",
        "contig": true
    }
}