{
    "sum_con_loads": 309.08,
    "max_con_load": 62.35,
    "avg_setup_time": 189.41,
    "assign": {
        "LEO39": {
            "load": 32.05215028947997,
            "switches": [
                "LEO11",
                "LEO18",
                "LEO19",
                "LEO21",
                "LEO28",
                "LEO29",
                "LEO38",
                "LEO39"
            ]
        },
        "LEO32": {
            "load": 52.663811327232196,
            "switches": [
                "LEO12",
                "LEO22",
                "LEO31",
                "LEO32",
                "LEO33"
            ]
        },
        "LEO13": {
            "load": 23.832618257033484,
            "switches": [
                "LEO13",
                "LEO23"
            ]
        },
        "LEO36": {
            "load": 21.973580364746574,
            "switches": [
                "LEO14",
                "LEO15",
                "LEO16",
                "LEO17",
                "LEO24",
                "LEO25",
                "LEO26",
                "LEO27",
                "LEO34",
                "LEO35",
                "LEO36",
                "LEO37",
                "LEO44",
                "LEO45",
                "LEO46",
                "LEO47",
                "LEO54",
                "LEO55",
                "LEO56",
                "LEO64",
                "LEO65",
                "LEO66"
            ]
        },
        "LEO61": {
            "load": 62.35328747138374,
            "switches": [
                "LEO41",
                "LEO42",
                "LEO43",
                "LEO51",
                "LEO52",
                "LEO53",
                "LEO61",
                "LEO62",
                "LEO63",
                "LEO71",
                "LEO72",
                "LEO73",
                "LEO74",
                "LEO81",
                "LEO82",
                "LEO83",
                "LEO84"
            ]
        },
        "LEO49": {
            "load": 38.1278329274866,
            "switches": [
                "LEO48",
                "LEO49"
            ]
        },
        "LEO59": {
            "load": 34.17342915452812,
            "switches": [
                "LEO57",
                "LEO58",
                "LEO59"
            ]
        },
        "LEO69": {
            "load": 43.9059111185763,
            "switches": [
                "LEO67",
                "LEO68",
                "LEO69",
                "LEO75",
                "LEO76",
                "LEO77",
                "LEO78",
                "LEO79",
                "LEO85",
                "LEO86",
                "LEO87",
                "LEO88",
                "LEO89"
            ]
        }
    },
    "args": {
        "part": "8",
        "ufactor": "1000",
        "contig": true
    }
}