{
    "sum_con_loads": 327.26,
    "max_con_load": 49.36,
    "avg_setup_time": 227.58,
    "assign": {
        "LEO21": {
            "load": 45.2867236357762,
            "switches": [
                "LEO11",
                "LEO12",
                "LEO13",
                "LEO14",
                "LEO15",
                "LEO16",
                "LEO17",
                "LEO18",
                "LEO19",
                "LEO22",
                "LEO21"
            ]
        },
        "LEO29": {
            "load": 27.82025341140492,
            "switches": [
                "LEO23",
                "LEO24",
                "LEO25",
                "LEO26",
                "LEO27",
                "LEO28",
                "LEO29"
            ]
        },
        "LEO39": {
            "load": 46.06901517903833,
            "switches": [
                "LEO32",
                "LEO33",
                "LEO34",
                "LEO35",
                "LEO36",
                "LEO37",
                "LEO38",
                "LEO39"
            ]
        },
        "LEO48": {
            "load": 37.496833671762936,
            "switches": [
                "LEO42",
                "LEO43",
                "LEO44",
                "LEO45",
                "LEO46",
                "LEO47",
                "LEO48",
                "LEO49"
            ]
        },
        "LEO58": {
            "load": 35.99439616639308,
            "switches": [
                "LEO52",
                "LEO53",
                "LEO54",
                "LEO55",
                "LEO56",
                "LEO57",
                "LEO58",
                "LEO59"
            ]
        },
        "LEO68": {
            "load": 39.93875317725099,
            "switches": [
                "LEO62",
                "LEO63",
                "LEO64",
                "LEO65",
                "LEO66",
                "LEO67",
                "LEO68",
                "LEO69"
            ]
        },
        "LEO78": {
            "load": 45.29354177343545,
            "switches": [
                "LEO71",
                "LEO72",
                "LEO73",
                "LEO74",
                "LEO75",
                "LEO76",
                "LEO77",
                "LEO78",
                "LEO79",
                "LEO81",
                "LEO89",
                "LEO88"
            ]
        },
        "LEO41": {
            "load": 49.356222504554836,
            "switches": [
                "LEO82",
                "LEO83",
                "LEO84",
                "LEO85",
                "LEO86",
                "LEO87",
                "LEO31",
                "LEO41",
                "LEO51",
                "LEO61"
            ]
        }
    },
    "args": {
        "MCS": "3",
        "MSSLS": "24"
    }
}