{
    "sum_con_loads": 289.19,
    "max_con_load": 68.92,
    "avg_setup_time": 190.6,
    "assign": {
        "LEO22": {
            "load": 15.815014304360822,
            "switches": [
                "LEO11",
                "LEO12",
                "LEO13",
                "LEO21",
                "LEO22"
            ]
        },
        "LEO34": {
            "load": 57.05958859669645,
            "switches": [
                "LEO14",
                "LEO15",
                "LEO23",
                "LEO24",
                "LEO33",
                "LEO34"
            ]
        },
        "LEO25": {
            "load": 20.46108528906511,
            "switches": [
                "LEO16",
                "LEO17",
                "LEO25",
                "LEO26",
                "LEO27"
            ]
        },
        "LEO59": {
            "load": 11.301396985040384,
            "switches": [
                "LEO18",
                "LEO19",
                "LEO28",
                "LEO29",
                "LEO38",
                "LEO39",
                "LEO48",
                "LEO49",
                "LEO59"
            ]
        },
        "LEO42": {
            "load": 68.92308685102792,
            "switches": [
                "LEO31",
                "LEO32",
                "LEO41",
                "LEO42",
                "LEO51",
                "LEO52"
            ]
        },
        "LEO35": {
            "load": 20.697101534396076,
            "switches": [
                "LEO35",
                "LEO36",
                "LEO37",
                "LEO47",
                "LEO57",
                "LEO58"
            ]
        },
        "LEO63": {
            "load": 51.92670820343315,
            "switches": [
                "LEO43",
                "LEO44",
                "LEO45",
                "LEO46",
                "LEO53",
                "LEO54",
                "LEO55",
                "LEO56",
                "LEO63",
                "LEO64",
                "LEO65",
                "LEO66",
                "LEO73",
                "LEO74",
                "LEO75",
                "LEO76",
                "LEO77",
                "LEO83",
                "LEO84",
                "LEO85",
                "LEO86"
            ]
        },
        "LEO62": {
            "load": 43.00410348557324,
            "switches": [
                "LEO61",
                "LEO62",
                "LEO67",
                "LEO68",
                "LEO69",
                "LEO71",
                "LEO72",
                "LEO78",
                "LEO79",
                "LEO81",
                "LEO82",
                "LEO87",
                "LEO88",
                "LEO89"
            ]
        }
    },
    "args": {
        "part": "8",
        "ufactor": "1200",
        "contig": false,
        "minconn": true
    }
}