{
    "sum_con_loads": 291.77,
    "max_con_load": 76.17,
    "avg_setup_time": 197.63,
    "assign": {
        "LEO49": {
            "load": 26.23916982869222,
            "switches": [
                "LEO11",
                "LEO17",
                "LEO18",
                "LEO19",
                "LEO21",
                "LEO27",
                "LEO28",
                "LEO29",
                "LEO37",
                "LEO38",
                "LEO39",
                "LEO41",
                "LEO47",
                "LEO48",
                "LEO49",
                "LEO57",
                "LEO58",
                "LEO59",
                "LEO67",
                "LEO68",
                "LEO69"
            ]
        },
        "LEO22": {
            "load": 15.815014304360822,
            "switches": [
                "LEO12",
                "LEO13",
                "LEO22"
            ]
        },
        "LEO34": {
            "load": 57.05958859669645,
            "switches": [
                "LEO14",
                "LEO15",
                "LEO23",
                "LEO24",
                "LEO33",
                "LEO34"
            ]
        },
        "LEO25": {
            "load": 20.46108528906511,
            "switches": [
                "LEO16",
                "LEO25",
                "LEO26"
            ]
        },
        "LEO52": {
            "load": 76.17051360687171,
            "switches": [
                "LEO31",
                "LEO32",
                "LEO42",
                "LEO51",
                "LEO52",
                "LEO61",
                "LEO62"
            ]
        },
        "LEO35": {
            "load": 17.434849015104625,
            "switches": [
                "LEO35",
                "LEO36"
            ]
        },
        "LEO63": {
            "load": 51.92670820343315,
            "switches": [
                "LEO43",
                "LEO44",
                "LEO45",
                "LEO46",
                "LEO53",
                "LEO54",
                "LEO55",
                "LEO56",
                "LEO63",
                "LEO64",
                "LEO65",
                "LEO66",
                "LEO73",
                "LEO74",
                "LEO75",
                "LEO76",
                "LEO83",
                "LEO84",
                "LEO85",
                "LEO86",
                "LEO87"
            ]
        },
        "LEO71": {
            "load": 26.662737034015304,
            "switches": [
                "LEO71",
                "LEO72",
                "LEO77",
                "LEO78",
                "LEO79",
                "LEO81",
                "LEO82",
                "LEO88",
                "LEO89"
            ]
        }
    },
    "args": {
        "part": "8",
        "ufactor": "1200",
        "contig": false
    }
}