{
    "sum_con_loads": 327.24,
    "max_con_load": 57.47,
    "avg_setup_time": 209.98,
    "assign": {
        "LEO32": {
            "load": 51.09097021940068,
            "switches": [
                "LEO11",
                "LEO12",
                "LEO13",
                "LEO14",
                "LEO15",
                "LEO16",
                "LEO17",
                "LEO18",
                "LEO19",
                "LEO32",
                "LEO22",
                "LEO42"
            ]
        },
        "LEO21": {
            "load": 33.760159474385574,
            "switches": [
                "LEO21",
                "LEO23",
                "LEO24",
                "LEO25",
                "LEO26",
                "LEO27",
                "LEO28",
                "LEO29"
            ]
        },
        "LEO33": {
            "load": 36.348026675588315,
            "switches": [
                "LEO33",
                "LEO34",
                "LEO35",
                "LEO36",
                "LEO37",
                "LEO38",
                "LEO39",
                "LEO55",
                "LEO45",
                "LEO57",
                "LEO47",
                "LEO56"
            ]
        },
        "LEO49": {
            "load": 21.922979702745888,
            "switches": [
                "LEO44",
                "LEO46",
                "LEO48",
                "LEO49"
            ]
        },
        "LEO51": {
            "load": 55.2936193314186,
            "switches": [
                "LEO51",
                "LEO59",
                "LEO31",
                "LEO41"
            ]
        },
        "LEO69": {
            "load": 50.12103711550384,
            "switches": [
                "LEO61",
                "LEO64",
                "LEO65",
                "LEO67",
                "LEO68",
                "LEO69",
                "LEO71",
                "LEO79",
                "LEO78",
                "LEO53",
                "LEO43",
                "LEO54",
                "LEO58"
            ]
        },
        "LEO74": {
            "load": 21.234569795501105,
            "switches": [
                "LEO73",
                "LEO74",
                "LEO75",
                "LEO76",
                "LEO77",
                "LEO66"
            ]
        },
        "LEO62": {
            "load": 57.47183666273941,
            "switches": [
                "LEO81",
                "LEO82",
                "LEO83",
                "LEO84",
                "LEO85",
                "LEO86",
                "LEO87",
                "LEO88",
                "LEO89",
                "LEO72",
                "LEO62",
                "LEO52",
                "LEO63"
            ]
        }
    },
    "args": {
        "MCS": "3",
        "MSSLS": "24"
    }
}