{
    "sum_con_loads": 294.71,
    "max_con_load": 63.47,
    "avg_setup_time": 179.56,
    "assign": {
        "LEO33": {
            "load": 50.13825734900848,
            "switches": [
                "LEO11",
                "LEO12",
                "LEO13",
                "LEO14",
                "LEO19",
                "LEO23",
                "LEO24",
                "LEO33",
                "LEO34",
                "LEO44",
                "LEO54"
            ]
        },
        "LEO25": {
            "load": 16.310543050205208,
            "switches": [
                "LEO15",
                "LEO25",
                "LEO35",
                "LEO45"
            ]
        },
        "LEO39": {
            "load": 17.534741597487425,
            "switches": [
                "LEO16",
                "LEO17",
                "LEO18",
                "LEO26",
                "LEO27",
                "LEO28",
                "LEO36",
                "LEO37",
                "LEO38",
                "LEO39",
                "LEO46",
                "LEO47",
                "LEO48",
                "LEO49",
                "LEO56",
                "LEO57",
                "LEO58"
            ]
        },
        "LEO42": {
            "load": 63.46563896730078,
            "switches": [
                "LEO21",
                "LEO22",
                "LEO29",
                "LEO31",
                "LEO32",
                "LEO41",
                "LEO42",
                "LEO52"
            ]
        },
        "LEO63": {
            "load": 58.01432776383649,
            "switches": [
                "LEO43",
                "LEO53",
                "LEO63",
                "LEO64",
                "LEO73",
                "LEO83",
                "LEO84"
            ]
        },
        "LEO51": {
            "load": 37.17944833536892,
            "switches": [
                "LEO51",
                "LEO59"
            ]
        },
        "LEO74": {
            "load": 16.786927680448052,
            "switches": [
                "LEO55",
                "LEO65",
                "LEO66",
                "LEO74",
                "LEO75",
                "LEO76",
                "LEO85",
                "LEO86"
            ]
        },
        "LEO61": {
            "load": 35.276844225987915,
            "switches": [
                "LEO61",
                "LEO62",
                "LEO67",
                "LEO68",
                "LEO69",
                "LEO71",
                "LEO72",
                "LEO77",
                "LEO78",
                "LEO79",
                "LEO81",
                "LEO82",
                "LEO87",
                "LEO88",
                "LEO89"
            ]
        }
    },
    "args": {
        "part": "8",
        "ufactor": "400",
        "match_order": "SRC",
        "match_scheme": "WeiDif",
        "contig": true
    }
}