{
    "sum_con_loads": 403.34,
    "max_con_load": 64.59,
    "avg_setup_time": 263.15,
    "assign": {
        "LEO31": {
            "load": 64.5925862373182,
            "switches": [
                "LEO11",
                "LEO12",
                "LEO13",
                "LEO16",
                "LEO17",
                "LEO18",
                "LEO19",
                "LEO31",
                "LEO21",
                "LEO32",
                "LEO33",
                "LEO34",
                "LEO52",
                "LEO62",
                "LEO42",
                "LEO14"
            ]
        },
        "LEO29": {
            "load": 21.767098833894924,
            "switches": [
                "LEO22",
                "LEO23",
                "LEO24",
                "LEO26",
                "LEO27",
                "LEO28",
                "LEO29"
            ]
        },
        "LEO38": {
            "load": 53.18055921327978,
            "switches": [
                "LEO35",
                "LEO36",
                "LEO37",
                "LEO38",
                "LEO39",
                "LEO15",
                "LEO25"
            ]
        },
        "LEO48": {
            "load": 61.96995057519521,
            "switches": [
                "LEO43",
                "LEO44",
                "LEO45",
                "LEO46",
                "LEO47",
                "LEO48",
                "LEO49"
            ]
        },
        "LEO58": {
            "load": 64.58978564739192,
            "switches": [
                "LEO53",
                "LEO54",
                "LEO55",
                "LEO56",
                "LEO57",
                "LEO58",
                "LEO59"
            ]
        },
        "LEO68": {
            "load": 58.044488541257856,
            "switches": [
                "LEO63",
                "LEO64",
                "LEO65",
                "LEO66",
                "LEO67",
                "LEO68",
                "LEO69"
            ]
        },
        "LEO79": {
            "load": 63.40794260223532,
            "switches": [
                "LEO71",
                "LEO72",
                "LEO73",
                "LEO74",
                "LEO75",
                "LEO76",
                "LEO77",
                "LEO78",
                "LEO79",
                "LEO41",
                "LEO51",
                "LEO61"
            ]
        },
        "LEO81": {
            "load": 15.79233546967204,
            "switches": [
                "LEO81",
                "LEO82",
                "LEO83",
                "LEO84",
                "LEO85",
                "LEO86",
                "LEO87",
                "LEO88",
                "LEO89"
            ]
        }
    },
    "args": {
        "MCS": "3",
        "MSSLS": "24"
    }
}