{
    "sum_con_loads": 334.11,
    "max_con_load": 59.9,
    "avg_setup_time": 240.55,
    "assign": {
        "LEO11": {
            "load": 23.180070764848715,
            "switches": [
                "LEO11",
                "LEO12",
                "LEO13",
                "LEO14",
                "LEO15",
                "LEO16",
                "LEO17",
                "LEO18",
                "LEO19"
            ]
        },
        "LEO21": {
            "load": 48.94699201405429,
            "switches": [
                "LEO21",
                "LEO22",
                "LEO23",
                "LEO24",
                "LEO25",
                "LEO26",
                "LEO27",
                "LEO28",
                "LEO29"
            ]
        },
        "LEO39": {
            "load": 50.95190875943119,
            "switches": [
                "LEO32",
                "LEO33",
                "LEO34",
                "LEO35",
                "LEO36",
                "LEO37",
                "LEO38",
                "LEO39"
            ]
        },
        "LEO48": {
            "load": 44.68402904714503,
            "switches": [
                "LEO42",
                "LEO43",
                "LEO44",
                "LEO45",
                "LEO46",
                "LEO47",
                "LEO48",
                "LEO49"
            ]
        },
        "LEO58": {
            "load": 32.9104930899978,
            "switches": [
                "LEO52",
                "LEO53",
                "LEO54",
                "LEO55",
                "LEO56",
                "LEO57",
                "LEO58",
                "LEO59"
            ]
        },
        "LEO68": {
            "load": 39.091980445586984,
            "switches": [
                "LEO62",
                "LEO63",
                "LEO64",
                "LEO65",
                "LEO66",
                "LEO67",
                "LEO68",
                "LEO69"
            ]
        },
        "LEO78": {
            "load": 34.4479525346819,
            "switches": [
                "LEO73",
                "LEO74",
                "LEO75",
                "LEO76",
                "LEO77",
                "LEO78",
                "LEO79"
            ]
        },
        "LEO61": {
            "load": 59.89524448523277,
            "switches": [
                "LEO82",
                "LEO83",
                "LEO84",
                "LEO85",
                "LEO86",
                "LEO87",
                "LEO88",
                "LEO89",
                "LEO31",
                "LEO41",
                "LEO51",
                "LEO61",
                "LEO71",
                "LEO81",
                "LEO72"
            ]
        }
    },
    "args": {
        "MCS": "3",
        "MSSLS": "24"
    }
}