{
    "sum_con_loads": 302.34,
    "max_con_load": 53.03,
    "avg_setup_time": 183.3,
    "assign": {
        "LEO41": {
            "load": 46.71534928133954,
            "switches": [
                "LEO11",
                "LEO12",
                "LEO21",
                "LEO31",
                "LEO32",
                "LEO41",
                "LEO49"
            ]
        },
        "LEO23": {
            "load": 36.07927349825328,
            "switches": [
                "LEO13",
                "LEO14",
                "LEO22",
                "LEO23",
                "LEO24"
            ]
        },
        "LEO37": {
            "load": 23.727568011203026,
            "switches": [
                "LEO15",
                "LEO16",
                "LEO17",
                "LEO18",
                "LEO19",
                "LEO25",
                "LEO26",
                "LEO27",
                "LEO28",
                "LEO29",
                "LEO36",
                "LEO37",
                "LEO38",
                "LEO39",
                "LEO47",
                "LEO48",
                "LEO57",
                "LEO66",
                "LEO67",
                "LEO76",
                "LEO77"
            ]
        },
        "LEO33": {
            "load": 35.36213727427785,
            "switches": [
                "LEO33",
                "LEO34",
                "LEO35",
                "LEO44",
                "LEO45",
                "LEO54",
                "LEO55",
                "LEO64"
            ]
        },
        "LEO52": {
            "load": 46.68841677190992,
            "switches": [
                "LEO42",
                "LEO43",
                "LEO46",
                "LEO52",
                "LEO53",
                "LEO56",
                "LEO62",
                "LEO63",
                "LEO86"
            ]
        },
        "LEO61": {
            "load": 53.02921780981163,
            "switches": [
                "LEO51",
                "LEO61",
                "LEO68",
                "LEO69",
                "LEO71",
                "LEO78",
                "LEO79",
                "LEO81",
                "LEO87",
                "LEO88",
                "LEO89"
            ]
        },
        "LEO59": {
            "load": 25.733994223040877,
            "switches": [
                "LEO58",
                "LEO59"
            ]
        },
        "LEO72": {
            "load": 35.00666240783589,
            "switches": [
                "LEO65",
                "LEO72",
                "LEO73",
                "LEO74",
                "LEO75",
                "LEO82",
                "LEO83",
                "LEO84",
                "LEO85"
            ]
        }
    },
    "args": {
        "part": "8",
        "ufactor": "500",
        "match_order": "SumWei",
        "match_scheme": "SRC",
        "contig": true
    }
}