{
    "sum_con_loads": 261.53,
    "max_con_load": 53.78,
    "avg_setup_time": 183.37,
    "assign": {
        "LEO39": {
            "load": 20.291774924272577,
            "switches": [
                "LEO11",
                "LEO12",
                "LEO18",
                "LEO19",
                "LEO28",
                "LEO29",
                "LEO38",
                "LEO39",
                "LEO48",
                "LEO49"
            ]
        },
        "LEO33": {
            "load": 41.72800039358546,
            "switches": [
                "LEO13",
                "LEO14",
                "LEO23",
                "LEO24",
                "LEO33",
                "LEO34"
            ]
        },
        "LEO15": {
            "load": 18.49509306982707,
            "switches": [
                "LEO15",
                "LEO16",
                "LEO17",
                "LEO25",
                "LEO26",
                "LEO27",
                "LEO35",
                "LEO36",
                "LEO37",
                "LEO45",
                "LEO46",
                "LEO47",
                "LEO56"
            ]
        },
        "LEO32": {
            "load": 42.84843331694069,
            "switches": [
                "LEO21",
                "LEO22",
                "LEO31",
                "LEO32",
                "LEO41",
                "LEO42"
            ]
        },
        "LEO53": {
            "load": 53.78247913165798,
            "switches": [
                "LEO43",
                "LEO44",
                "LEO52",
                "LEO53",
                "LEO54",
                "LEO55",
                "LEO62",
                "LEO63",
                "LEO64",
                "LEO65",
                "LEO72",
                "LEO73",
                "LEO74",
                "LEO75"
            ]
        },
        "LEO51": {
            "load": 29.64801535322428,
            "switches": [
                "LEO51",
                "LEO59"
            ]
        },
        "LEO69": {
            "load": 33.404226864374195,
            "switches": [
                "LEO57",
                "LEO58",
                "LEO61",
                "LEO66",
                "LEO67",
                "LEO68",
                "LEO69",
                "LEO71",
                "LEO76",
                "LEO77",
                "LEO78",
                "LEO79",
                "LEO81",
                "LEO86",
                "LEO87",
                "LEO88",
                "LEO89"
            ]
        },
        "LEO83": {
            "load": 21.32948508848829,
            "switches": [
                "LEO82",
                "LEO83",
                "LEO84",
                "LEO85"
            ]
        }
    },
    "args": {
        "part": "8",
        "ufactor": "700",
        "contig": false,
        "minconn": true
    }
}