{
    "sum_con_loads": 373.28,
    "max_con_load": 61.69,
    "avg_setup_time": 271.83,
    "assign": {
        "LEO21": {
            "load": 61.68574674805793,
            "switches": [
                "LEO11",
                "LEO12",
                "LEO13",
                "LEO14",
                "LEO15",
                "LEO16",
                "LEO17",
                "LEO18",
                "LEO19",
                "LEO31",
                "LEO41",
                "LEO21"
            ]
        },
        "LEO22": {
            "load": 36.046861017139825,
            "switches": [
                "LEO22",
                "LEO23",
                "LEO24",
                "LEO25",
                "LEO26",
                "LEO27",
                "LEO28",
                "LEO29"
            ]
        },
        "LEO38": {
            "load": 36.95094629598053,
            "switches": [
                "LEO32",
                "LEO33",
                "LEO34",
                "LEO35",
                "LEO36",
                "LEO37",
                "LEO38",
                "LEO39"
            ]
        },
        "LEO48": {
            "load": 50.376024549589715,
            "switches": [
                "LEO42",
                "LEO43",
                "LEO44",
                "LEO45",
                "LEO46",
                "LEO47",
                "LEO48",
                "LEO49"
            ]
        },
        "LEO58": {
            "load": 53.31767446846098,
            "switches": [
                "LEO52",
                "LEO53",
                "LEO54",
                "LEO55",
                "LEO56",
                "LEO57",
                "LEO58",
                "LEO59"
            ]
        },
        "LEO68": {
            "load": 59.79253486258465,
            "switches": [
                "LEO62",
                "LEO63",
                "LEO64",
                "LEO65",
                "LEO66",
                "LEO67",
                "LEO68",
                "LEO69",
                "LEO73",
                "LEO74",
                "LEO75",
                "LEO76",
                "LEO77"
            ]
        },
        "LEO61": {
            "load": 57.45529701346649,
            "switches": [
                "LEO71",
                "LEO72",
                "LEO78",
                "LEO79",
                "LEO51",
                "LEO61"
            ]
        },
        "LEO81": {
            "load": 17.654579141264797,
            "switches": [
                "LEO81",
                "LEO82",
                "LEO83",
                "LEO84",
                "LEO85",
                "LEO86",
                "LEO87",
                "LEO88",
                "LEO89"
            ]
        }
    },
    "args": {
        "MCS": "3",
        "MSSLS": "24"
    }
}