{
    "sum_con_loads": 290.14,
    "max_con_load": 58.93,
    "avg_setup_time": 182.29,
    "assign": {
        "LEO29": {
            "load": 29.268021993931967,
            "switches": [
                "LEO11",
                "LEO17",
                "LEO18",
                "LEO19",
                "LEO27",
                "LEO28",
                "LEO29",
                "LEO39"
            ]
        },
        "LEO31": {
            "load": 58.928793031260746,
            "switches": [
                "LEO12",
                "LEO21",
                "LEO22",
                "LEO31",
                "LEO32",
                "LEO41",
                "LEO42"
            ]
        },
        "LEO23": {
            "load": 29.70646344692858,
            "switches": [
                "LEO13",
                "LEO14",
                "LEO15",
                "LEO16",
                "LEO23",
                "LEO24",
                "LEO25",
                "LEO26",
                "LEO33",
                "LEO34",
                "LEO35",
                "LEO36",
                "LEO43",
                "LEO44",
                "LEO45",
                "LEO46",
                "LEO54",
                "LEO55",
                "LEO56",
                "LEO64",
                "LEO65",
                "LEO66",
                "LEO75",
                "LEO85"
            ]
        },
        "LEO48": {
            "load": 22.157256437811554,
            "switches": [
                "LEO37",
                "LEO38",
                "LEO47",
                "LEO48"
            ]
        },
        "LEO59": {
            "load": 56.91127373028998,
            "switches": [
                "LEO49",
                "LEO57",
                "LEO58",
                "LEO59",
                "LEO67",
                "LEO68",
                "LEO69"
            ]
        },
        "LEO61": {
            "load": 44.93110122174889,
            "switches": [
                "LEO51",
                "LEO61",
                "LEO71",
                "LEO81",
                "LEO89"
            ]
        },
        "LEO72": {
            "load": 25.028489133347144,
            "switches": [
                "LEO52",
                "LEO53",
                "LEO62",
                "LEO63",
                "LEO72",
                "LEO73",
                "LEO74",
                "LEO82",
                "LEO83",
                "LEO84"
            ]
        },
        "LEO78": {
            "load": 23.209367665011012,
            "switches": [
                "LEO76",
                "LEO77",
                "LEO78",
                "LEO79",
                "LEO86",
                "LEO87",
                "LEO88"
            ]
        }
    },
    "args": {
        "part": "8",
        "ufactor": "400",
        "contig": true
    }
}