{
    "sum_con_loads": 305.97,
    "max_con_load": 62.43,
    "avg_setup_time": 195.71,
    "assign": {
        "LEO42": {
            "load": 45.60139867015743,
            "switches": [
                "LEO11",
                "LEO12",
                "LEO13",
                "LEO21",
                "LEO22",
                "LEO31",
                "LEO32",
                "LEO33",
                "LEO42"
            ]
        },
        "LEO24": {
            "load": 39.093053735037444,
            "switches": [
                "LEO14",
                "LEO23",
                "LEO24",
                "LEO25"
            ]
        },
        "LEO15": {
            "load": 25.084409572591607,
            "switches": [
                "LEO15",
                "LEO16",
                "LEO17",
                "LEO26",
                "LEO27",
                "LEO36",
                "LEO37",
                "LEO46",
                "LEO47",
                "LEO56",
                "LEO57"
            ]
        },
        "LEO41": {
            "load": 22.534904350116726,
            "switches": [
                "LEO18",
                "LEO19",
                "LEO28",
                "LEO29",
                "LEO38",
                "LEO39",
                "LEO41",
                "LEO49"
            ]
        },
        "LEO43": {
            "load": 62.4270628509549,
            "switches": [
                "LEO34",
                "LEO35",
                "LEO43",
                "LEO44",
                "LEO45",
                "LEO53",
                "LEO54",
                "LEO55",
                "LEO63",
                "LEO64"
            ]
        },
        "LEO51": {
            "load": 38.29681246027339,
            "switches": [
                "LEO48",
                "LEO51",
                "LEO52",
                "LEO58",
                "LEO59",
                "LEO68"
            ]
        },
        "LEO62": {
            "load": 43.95389442712942,
            "switches": [
                "LEO61",
                "LEO62",
                "LEO69",
                "LEO71",
                "LEO72",
                "LEO77",
                "LEO78",
                "LEO79",
                "LEO81",
                "LEO82",
                "LEO88",
                "LEO89"
            ]
        },
        "LEO74": {
            "load": 28.979821739269433,
            "switches": [
                "LEO65",
                "LEO66",
                "LEO67",
                "LEO73",
                "LEO74",
                "LEO75",
                "LEO76",
                "LEO83",
                "LEO84",
                "LEO85",
                "LEO86",
                "LEO87"
            ]
        }
    },
    "args": {
        "part": "8",
        "ufactor": "500",
        "contig": true
    }
}