{
    "sum_con_loads": 259.98,
    "max_con_load": 60.59,
    "avg_setup_time": 177.0,
    "assign": {
        "LEO22": {
            "load": 23.907170422911534,
            "switches": [
                "LEO11",
                "LEO12",
                "LEO13",
                "LEO19",
                "LEO21",
                "LEO22",
                "LEO29"
            ]
        },
        "LEO14": {
            "load": 15.799511418854319,
            "switches": [
                "LEO14",
                "LEO15"
            ]
        },
        "LEO75": {
            "load": 16.77411872536639,
            "switches": [
                "LEO16",
                "LEO17",
                "LEO18",
                "LEO26",
                "LEO27",
                "LEO28",
                "LEO36",
                "LEO37",
                "LEO38",
                "LEO45",
                "LEO46",
                "LEO47",
                "LEO48",
                "LEO55",
                "LEO56",
                "LEO57",
                "LEO58",
                "LEO65",
                "LEO66",
                "LEO67",
                "LEO68",
                "LEO75",
                "LEO76",
                "LEO77",
                "LEO78",
                "LEO85",
                "LEO86",
                "LEO87",
                "LEO88"
            ]
        },
        "LEO33": {
            "load": 52.61262782174337,
            "switches": [
                "LEO23",
                "LEO24",
                "LEO25",
                "LEO33",
                "LEO34",
                "LEO35",
                "LEO43",
                "LEO44"
            ]
        },
        "LEO42": {
            "load": 58.503035095362776,
            "switches": [
                "LEO31",
                "LEO32",
                "LEO39",
                "LEO41",
                "LEO42",
                "LEO49",
                "LEO51",
                "LEO52",
                "LEO59"
            ]
        },
        "LEO63": {
            "load": 60.588365912124644,
            "switches": [
                "LEO53",
                "LEO54",
                "LEO62",
                "LEO63",
                "LEO64",
                "LEO73",
                "LEO74",
                "LEO82",
                "LEO83",
                "LEO84"
            ]
        },
        "LEO61": {
            "load": 31.798403453316524,
            "switches": [
                "LEO61",
                "LEO69",
                "LEO71",
                "LEO72",
                "LEO79",
                "LEO81",
                "LEO89"
            ]
        }
    },
    "args": {
        "part": "8",
        "ufactor": "1200",
        "contig": true
    }
}