{
    "sum_con_loads": 272.98,
    "max_con_load": 56.39,
    "avg_setup_time": 183.61,
    "assign": {
        "LEO32": {
            "load": 45.84084866582678,
            "switches": [
                "LEO11",
                "LEO12",
                "LEO21",
                "LEO22",
                "LEO31",
                "LEO32",
                "LEO41",
                "LEO42"
            ]
        },
        "LEO33": {
            "load": 56.38645181459063,
            "switches": [
                "LEO13",
                "LEO14",
                "LEO23",
                "LEO24",
                "LEO33",
                "LEO43"
            ]
        },
        "LEO35": {
            "load": 20.3816733708962,
            "switches": [
                "LEO15",
                "LEO16",
                "LEO17",
                "LEO25",
                "LEO26",
                "LEO27",
                "LEO34",
                "LEO35",
                "LEO36",
                "LEO37",
                "LEO46",
                "LEO47",
                "LEO56",
                "LEO66"
            ]
        },
        "LEO39": {
            "load": 14.23464262741213,
            "switches": [
                "LEO18",
                "LEO19",
                "LEO28",
                "LEO29",
                "LEO38",
                "LEO39",
                "LEO48",
                "LEO49"
            ]
        },
        "LEO63": {
            "load": 51.752958113480275,
            "switches": [
                "LEO44",
                "LEO45",
                "LEO52",
                "LEO53",
                "LEO54",
                "LEO55",
                "LEO62",
                "LEO63",
                "LEO64",
                "LEO65",
                "LEO73",
                "LEO74",
                "LEO75"
            ]
        },
        "LEO51": {
            "load": 29.64801535322428,
            "switches": [
                "LEO51",
                "LEO59",
                "LEO87",
                "LEO88"
            ]
        },
        "LEO69": {
            "load": 33.404226864374195,
            "switches": [
                "LEO57",
                "LEO58",
                "LEO61",
                "LEO67",
                "LEO68",
                "LEO69",
                "LEO71",
                "LEO72",
                "LEO76",
                "LEO77",
                "LEO78",
                "LEO79",
                "LEO81",
                "LEO82",
                "LEO89"
            ]
        },
        "LEO83": {
            "load": 21.329485088488294,
            "switches": [
                "LEO83",
                "LEO84",
                "LEO85",
                "LEO86"
            ]
        }
    },
    "args": {
        "part": "8",
        "ufactor": "600",
        "match_order": "SumWei",
        "match_scheme": "SRC",
        "contig": true
    }
}