{
    "sum_con_loads": 335.51,
    "max_con_load": 47.75,
    "avg_setup_time": 230.88,
    "assign": {
        "LEO11": {
            "load": 45.788975512339995,
            "switches": [
                "LEO11",
                "LEO12",
                "LEO13",
                "LEO14",
                "LEO15",
                "LEO16",
                "LEO17",
                "LEO18",
                "LEO19",
                "LEO22",
                "LEO21"
            ]
        },
        "LEO29": {
            "load": 30.731335364723005,
            "switches": [
                "LEO23",
                "LEO24",
                "LEO25",
                "LEO26",
                "LEO27",
                "LEO28",
                "LEO29"
            ]
        },
        "LEO39": {
            "load": 33.76012065330423,
            "switches": [
                "LEO32",
                "LEO33",
                "LEO34",
                "LEO39"
            ]
        },
        "LEO48": {
            "load": 46.194071662201644,
            "switches": [
                "LEO42",
                "LEO43",
                "LEO44",
                "LEO46",
                "LEO47",
                "LEO48",
                "LEO49",
                "LEO36",
                "LEO37",
                "LEO38"
            ]
        },
        "LEO58": {
            "load": 39.73539641347238,
            "switches": [
                "LEO53",
                "LEO56",
                "LEO57",
                "LEO58",
                "LEO59"
            ]
        },
        "LEO68": {
            "load": 44.22574640242479,
            "switches": [
                "LEO65",
                "LEO66",
                "LEO67",
                "LEO68",
                "LEO69",
                "LEO35",
                "LEO45",
                "LEO55"
            ]
        },
        "LEO78": {
            "load": 47.325343646101594,
            "switches": [
                "LEO72",
                "LEO73",
                "LEO74",
                "LEO75",
                "LEO76",
                "LEO77",
                "LEO78",
                "LEO79",
                "LEO81",
                "LEO89",
                "LEO88",
                "LEO82",
                "LEO83",
                "LEO64",
                "LEO54"
            ]
        },
        "LEO51": {
            "load": 47.746681510618735,
            "switches": [
                "LEO84",
                "LEO85",
                "LEO86",
                "LEO87",
                "LEO31",
                "LEO41",
                "LEO51",
                "LEO61",
                "LEO71",
                "LEO62",
                "LEO63",
                "LEO52"
            ]
        }
    },
    "args": {
        "MCS": "3",
        "MSSLS": "24"
    }
}