{
    "sum_con_loads": 326.43,
    "max_con_load": 55.66,
    "avg_setup_time": 204.76,
    "assign": {
        "LEO33": {
            "load": 51.16319537537869,
            "switches": [
                "LEO11",
                "LEO12",
                "LEO13",
                "LEO14",
                "LEO15",
                "LEO16",
                "LEO17",
                "LEO18",
                "LEO19",
                "LEO33",
                "LEO23",
                "LEO43"
            ]
        },
        "LEO22": {
            "load": 33.80078612462321,
            "switches": [
                "LEO21",
                "LEO22",
                "LEO24",
                "LEO25",
                "LEO26",
                "LEO27",
                "LEO28",
                "LEO29"
            ]
        },
        "LEO34": {
            "load": 36.39542443419889,
            "switches": [
                "LEO31",
                "LEO34",
                "LEO35",
                "LEO36",
                "LEO37",
                "LEO38",
                "LEO39",
                "LEO56",
                "LEO46",
                "LEO58",
                "LEO48",
                "LEO57"
            ]
        },
        "LEO41": {
            "load": 21.968120425232147,
            "switches": [
                "LEO41",
                "LEO45",
                "LEO47",
                "LEO49"
            ]
        },
        "LEO42": {
            "load": 48.01149763280945,
            "switches": [
                "LEO52",
                "LEO42",
                "LEO32"
            ]
        },
        "LEO51": {
            "load": 49.4604937831363,
            "switches": [
                "LEO61",
                "LEO62",
                "LEO65",
                "LEO66",
                "LEO68",
                "LEO69",
                "LEO54",
                "LEO44",
                "LEO55",
                "LEO59",
                "LEO51"
            ]
        },
        "LEO74": {
            "load": 29.970214973186252,
            "switches": [
                "LEO71",
                "LEO72",
                "LEO74",
                "LEO75",
                "LEO76",
                "LEO77",
                "LEO78",
                "LEO79",
                "LEO67"
            ]
        },
        "LEO63": {
            "load": 55.66177511405414,
            "switches": [
                "LEO81",
                "LEO82",
                "LEO83",
                "LEO84",
                "LEO85",
                "LEO86",
                "LEO87",
                "LEO88",
                "LEO89",
                "LEO53",
                "LEO63",
                "LEO73",
                "LEO64"
            ]
        }
    },
    "args": {
        "MCS": "3",
        "MSSLS": "24"
    }
}