{
    "sum_con_loads": 295.32,
    "max_con_load": 61.79,
    "avg_setup_time": 193.06,
    "assign": {
        "LEO39": {
            "load": 42.256251125633206,
            "switches": [
                "LEO11",
                "LEO17",
                "LEO18",
                "LEO19",
                "LEO27",
                "LEO28",
                "LEO29",
                "LEO38",
                "LEO39",
                "LEO49"
            ]
        },
        "LEO22": {
            "load": 39.25052539338786,
            "switches": [
                "LEO12",
                "LEO13",
                "LEO21",
                "LEO22"
            ]
        },
        "LEO24": {
            "load": 22.53868544385129,
            "switches": [
                "LEO14",
                "LEO15",
                "LEO16",
                "LEO23",
                "LEO24",
                "LEO25",
                "LEO26",
                "LEO34",
                "LEO35",
                "LEO36",
                "LEO45",
                "LEO46",
                "LEO55",
                "LEO56",
                "LEO66"
            ]
        },
        "LEO41": {
            "load": 61.78671685582073,
            "switches": [
                "LEO31",
                "LEO32",
                "LEO33",
                "LEO41",
                "LEO42",
                "LEO51",
                "LEO52",
                "LEO61",
                "LEO62"
            ]
        },
        "LEO48": {
            "load": 22.537325303357413,
            "switches": [
                "LEO37",
                "LEO47",
                "LEO48"
            ]
        },
        "LEO71": {
            "load": 28.86873168662266,
            "switches": [
                "LEO43",
                "LEO44",
                "LEO53",
                "LEO54",
                "LEO63",
                "LEO64",
                "LEO65",
                "LEO71",
                "LEO72",
                "LEO73",
                "LEO74",
                "LEO81",
                "LEO82",
                "LEO83",
                "LEO84",
                "LEO85"
            ]
        },
        "LEO59": {
            "load": 34.17342915452812,
            "switches": [
                "LEO57",
                "LEO58",
                "LEO59"
            ]
        },
        "LEO69": {
            "load": 43.9059111185763,
            "switches": [
                "LEO67",
                "LEO68",
                "LEO69",
                "LEO75",
                "LEO76",
                "LEO77",
                "LEO78",
                "LEO79",
                "LEO86",
                "LEO87",
                "LEO88",
                "LEO89"
            ]
        }
    },
    "args": {
        "part": "8",
        "ufactor": "1700",
        "match_order": "SRC",
        "match_scheme": "SRC",
        "contig": true
    }
}