{
    "sum_con_loads": 315.49,
    "max_con_load": 63.24,
    "avg_setup_time": 192.25,
    "assign": {
        "LEO39": {
            "load": 26.897969380518322,
            "switches": [
                "LEO11",
                "LEO17",
                "LEO18",
                "LEO19",
                "LEO21",
                "LEO27",
                "LEO28",
                "LEO29",
                "LEO37",
                "LEO38",
                "LEO39"
            ]
        },
        "LEO31": {
            "load": 63.237982387242,
            "switches": [
                "LEO12",
                "LEO22",
                "LEO31",
                "LEO32",
                "LEO41",
                "LEO42",
                "LEO51"
            ]
        },
        "LEO23": {
            "load": 34.31803276281028,
            "switches": [
                "LEO13",
                "LEO14",
                "LEO15",
                "LEO16",
                "LEO23",
                "LEO24",
                "LEO25",
                "LEO26",
                "LEO33",
                "LEO34",
                "LEO35",
                "LEO36",
                "LEO43",
                "LEO44"
            ]
        },
        "LEO58": {
            "load": 28.770206314792524,
            "switches": [
                "LEO45",
                "LEO46",
                "LEO47",
                "LEO55",
                "LEO56",
                "LEO57",
                "LEO58",
                "LEO65",
                "LEO66"
            ]
        },
        "LEO59": {
            "load": 51.406636134376825,
            "switches": [
                "LEO48",
                "LEO49",
                "LEO59"
            ]
        },
        "LEO62": {
            "load": 21.913175038318084,
            "switches": [
                "LEO52",
                "LEO53",
                "LEO54",
                "LEO62",
                "LEO63",
                "LEO64",
                "LEO72",
                "LEO73",
                "LEO74"
            ]
        },
        "LEO71": {
            "load": 41.12197415862261,
            "switches": [
                "LEO61",
                "LEO71",
                "LEO81",
                "LEO82",
                "LEO83",
                "LEO84",
                "LEO89"
            ]
        },
        "LEO69": {
            "load": 47.820749263583174,
            "switches": [
                "LEO67",
                "LEO68",
                "LEO69",
                "LEO75",
                "LEO76",
                "LEO77",
                "LEO78",
                "LEO79",
                "LEO85",
                "LEO86",
                "LEO87",
                "LEO88"
            ]
        }
    },
    "args": {
        "part": "8",
        "ufactor": "400",
        "contig": true,
        "minconn": true
    }
}