{
    "sum_con_loads": 352.48,
    "max_con_load": 61.72,
    "avg_setup_time": 234.25,
    "assign": {
        "LEO12": {
            "load": 19.558751685434014,
            "switches": [
                "LEO11",
                "LEO12",
                "LEO13",
                "LEO14",
                "LEO15",
                "LEO16",
                "LEO17",
                "LEO18",
                "LEO19"
            ]
        },
        "LEO31": {
            "load": 61.72176272195267,
            "switches": [
                "LEO21",
                "LEO22",
                "LEO25",
                "LEO26",
                "LEO27",
                "LEO28",
                "LEO29",
                "LEO41",
                "LEO31"
            ]
        },
        "LEO39": {
            "load": 41.77790533535311,
            "switches": [
                "LEO32",
                "LEO33",
                "LEO34",
                "LEO35",
                "LEO36",
                "LEO37",
                "LEO38",
                "LEO39",
                "LEO23",
                "LEO24"
            ]
        },
        "LEO49": {
            "load": 43.20949841370657,
            "switches": [
                "LEO42",
                "LEO43",
                "LEO44",
                "LEO45",
                "LEO46",
                "LEO47",
                "LEO48",
                "LEO49"
            ]
        },
        "LEO58": {
            "load": 42.52118766270572,
            "switches": [
                "LEO52",
                "LEO53",
                "LEO54",
                "LEO55",
                "LEO56",
                "LEO57",
                "LEO58",
                "LEO59"
            ]
        },
        "LEO68": {
            "load": 39.92230059330637,
            "switches": [
                "LEO62",
                "LEO63",
                "LEO64",
                "LEO65",
                "LEO66",
                "LEO67",
                "LEO68",
                "LEO69"
            ]
        },
        "LEO72": {
            "load": 42.38862126021784,
            "switches": [
                "LEO72",
                "LEO73",
                "LEO74",
                "LEO75",
                "LEO76",
                "LEO77",
                "LEO78",
                "LEO79",
                "LEO82"
            ]
        },
        "LEO61": {
            "load": 61.37512337060207,
            "switches": [
                "LEO81",
                "LEO83",
                "LEO84",
                "LEO85",
                "LEO86",
                "LEO87",
                "LEO88",
                "LEO89",
                "LEO51",
                "LEO61",
                "LEO71"
            ]
        }
    },
    "args": {
        "MCS": "3",
        "MSSLS": "24"
    }
}