{
    "sum_con_loads": 294.12,
    "max_con_load": 68.15,
    "avg_setup_time": 187.91,
    "assign": {
        "LEO49": {
            "load": 39.988000635898096,
            "switches": [
                "LEO11",
                "LEO17",
                "LEO18",
                "LEO19",
                "LEO21",
                "LEO27",
                "LEO28",
                "LEO29",
                "LEO38",
                "LEO39",
                "LEO48",
                "LEO49"
            ]
        },
        "LEO22": {
            "load": 35.87451537843643,
            "switches": [
                "LEO12",
                "LEO13",
                "LEO22",
                "LEO23"
            ]
        },
        "LEO36": {
            "load": 21.722810847146445,
            "switches": [
                "LEO14",
                "LEO15",
                "LEO16",
                "LEO24",
                "LEO25",
                "LEO26",
                "LEO34",
                "LEO35",
                "LEO36",
                "LEO37",
                "LEO46",
                "LEO47"
            ]
        },
        "LEO41": {
            "load": 68.14686026846567,
            "switches": [
                "LEO31",
                "LEO32",
                "LEO33",
                "LEO41",
                "LEO42",
                "LEO51",
                "LEO52",
                "LEO61",
                "LEO62"
            ]
        },
        "LEO71": {
            "load": 34.76577502846425,
            "switches": [
                "LEO43",
                "LEO44",
                "LEO53",
                "LEO54",
                "LEO55",
                "LEO63",
                "LEO64",
                "LEO71",
                "LEO72",
                "LEO73",
                "LEO74",
                "LEO81",
                "LEO82",
                "LEO83",
                "LEO84",
                "LEO85",
                "LEO89"
            ]
        },
        "LEO78": {
            "load": 20.94924452731252,
            "switches": [
                "LEO45",
                "LEO77",
                "LEO78",
                "LEO86",
                "LEO87",
                "LEO88"
            ]
        },
        "LEO57": {
            "load": 16.33748691523206,
            "switches": [
                "LEO56",
                "LEO57",
                "LEO65",
                "LEO66",
                "LEO67",
                "LEO75",
                "LEO76"
            ]
        },
        "LEO59": {
            "load": 56.33989863409113,
            "switches": [
                "LEO58",
                "LEO59",
                "LEO68",
                "LEO69",
                "LEO79"
            ]
        }
    },
    "args": {
        "part": "8",
        "ufactor": "2800",
        "match_order": "SRC",
        "match_scheme": "SRC",
        "contig": false
    }
}