{
    "sum_con_loads": 285.41,
    "max_con_load": 63.62,
    "avg_setup_time": 181.14,
    "assign": {
        "LEO21": {
            "load": 32.73850643993869,
            "switches": [
                "LEO11",
                "LEO12",
                "LEO19",
                "LEO21",
                "LEO28",
                "LEO29",
                "LEO31"
            ]
        },
        "LEO13": {
            "load": 17.648030008483858,
            "switches": [
                "LEO13",
                "LEO14"
            ]
        },
        "LEO32": {
            "load": 63.62376018102302,
            "switches": [
                "LEO15",
                "LEO16",
                "LEO17",
                "LEO18",
                "LEO22",
                "LEO23",
                "LEO24",
                "LEO25",
                "LEO26",
                "LEO32",
                "LEO33",
                "LEO34",
                "LEO35",
                "LEO36",
                "LEO42",
                "LEO43",
                "LEO44",
                "LEO45",
                "LEO46",
                "LEO55",
                "LEO56"
            ]
        },
        "LEO38": {
            "load": 13.415397292010333,
            "switches": [
                "LEO27",
                "LEO37",
                "LEO38",
                "LEO39",
                "LEO48"
            ]
        },
        "LEO51": {
            "load": 58.840449966992736,
            "switches": [
                "LEO41",
                "LEO47",
                "LEO49",
                "LEO51",
                "LEO57",
                "LEO58",
                "LEO59",
                "LEO61",
                "LEO67",
                "LEO68"
            ]
        },
        "LEO62": {
            "load": 44.253403955750365,
            "switches": [
                "LEO52",
                "LEO62",
                "LEO72",
                "LEO81",
                "LEO82",
                "LEO83",
                "LEO89"
            ]
        },
        "LEO63": {
            "load": 21.02267160424622,
            "switches": [
                "LEO53",
                "LEO54",
                "LEO63",
                "LEO64",
                "LEO65",
                "LEO66",
                "LEO73",
                "LEO74",
                "LEO75",
                "LEO76",
                "LEO84",
                "LEO85",
                "LEO86"
            ]
        },
        "LEO69": {
            "load": 33.869228769197235,
            "switches": [
                "LEO69",
                "LEO71",
                "LEO77",
                "LEO78",
                "LEO79",
                "LEO87",
                "LEO88"
            ]
        }
    },
    "args": {
        "part": "8",
        "ufactor": "1600",
        "match_order": "SRC",
        "match_scheme": "WeiLoad",
        "contig": true
    }
}