{
    "sum_con_loads": 276.05,
    "max_con_load": 60.17,
    "avg_setup_time": 195.15,
    "assign": {
        "LEO21": {
            "load": 14.458054598848111,
            "switches": [
                "LEO11",
                "LEO19",
                "LEO21",
                "LEO29"
            ]
        },
        "LEO23": {
            "load": 60.17425105309168,
            "switches": [
                "LEO12",
                "LEO13",
                "LEO14",
                "LEO22",
                "LEO23",
                "LEO24",
                "LEO32",
                "LEO33",
                "LEO42",
                "LEO43",
                "LEO52",
                "LEO53"
            ]
        },
        "LEO35": {
            "load": 29.11515017550866,
            "switches": [
                "LEO15",
                "LEO16",
                "LEO25",
                "LEO26",
                "LEO27",
                "LEO34",
                "LEO35",
                "LEO36",
                "LEO37",
                "LEO45",
                "LEO46",
                "LEO47",
                "LEO55",
                "LEO56",
                "LEO57",
                "LEO65",
                "LEO66",
                "LEO67",
                "LEO75",
                "LEO76",
                "LEO77",
                "LEO87"
            ]
        },
        "LEO58": {
            "load": 15.18112203626477,
            "switches": [
                "LEO17",
                "LEO18",
                "LEO28",
                "LEO38",
                "LEO48",
                "LEO58",
                "LEO68"
            ]
        },
        "LEO41": {
            "load": 45.170931340067746,
            "switches": [
                "LEO31",
                "LEO39",
                "LEO41",
                "LEO49"
            ]
        },
        "LEO73": {
            "load": 45.06559158600636,
            "switches": [
                "LEO44",
                "LEO54",
                "LEO62",
                "LEO63",
                "LEO64",
                "LEO72",
                "LEO73",
                "LEO74",
                "LEO81",
                "LEO82",
                "LEO83",
                "LEO84",
                "LEO85",
                "LEO86",
                "LEO89"
            ]
        },
        "LEO51": {
            "load": 51.09665575137884,
            "switches": [
                "LEO51",
                "LEO59",
                "LEO61",
                "LEO69"
            ]
        },
        "LEO71": {
            "load": 15.788913518062026,
            "switches": [
                "LEO71",
                "LEO78",
                "LEO79",
                "LEO88"
            ]
        }
    },
    "args": {
        "part": "8",
        "ufactor": "2500",
        "match_order": "SumWei",
        "match_scheme": "WeiDif",
        "contig": true
    }
}