{
    "sum_con_loads": 290.13,
    "max_con_load": 54.19,
    "avg_setup_time": 192.39,
    "assign": {
        "LEO31": {
            "load": 50.69536950460973,
            "switches": [
                "LEO11",
                "LEO18",
                "LEO19",
                "LEO21",
                "LEO29",
                "LEO31",
                "LEO39"
            ]
        },
        "LEO12": {
            "load": 29.55378538063147,
            "switches": [
                "LEO12",
                "LEO22"
            ]
        },
        "LEO35": {
            "load": 21.159332558488323,
            "switches": [
                "LEO13",
                "LEO14",
                "LEO15",
                "LEO16",
                "LEO23",
                "LEO24",
                "LEO25",
                "LEO26",
                "LEO34",
                "LEO35",
                "LEO36",
                "LEO44",
                "LEO45",
                "LEO46",
                "LEO54",
                "LEO55",
                "LEO56"
            ]
        },
        "LEO32": {
            "load": 19.853283180303833,
            "switches": [
                "LEO17",
                "LEO27",
                "LEO32",
                "LEO33",
                "LEO42",
                "LEO43",
                "LEO52",
                "LEO53"
            ]
        },
        "LEO48": {
            "load": 54.18612241065543,
            "switches": [
                "LEO28",
                "LEO37",
                "LEO38",
                "LEO47",
                "LEO48",
                "LEO58"
            ]
        },
        "LEO69": {
            "load": 49.28904210576314,
            "switches": [
                "LEO41",
                "LEO49",
                "LEO51",
                "LEO59",
                "LEO61",
                "LEO62",
                "LEO69",
                "LEO71",
                "LEO72",
                "LEO79",
                "LEO81",
                "LEO82",
                "LEO89"
            ]
        },
        "LEO57": {
            "load": 30.1216825095065,
            "switches": [
                "LEO57",
                "LEO67"
            ]
        },
        "LEO68": {
            "load": 35.2754545687851,
            "switches": [
                "LEO63",
                "LEO64",
                "LEO65",
                "LEO66",
                "LEO68",
                "LEO73",
                "LEO74",
                "LEO75",
                "LEO76",
                "LEO77",
                "LEO78",
                "LEO83",
                "LEO84",
                "LEO85",
                "LEO86",
                "LEO87",
                "LEO88"
            ]
        }
    },
    "args": {
        "part": "8",
        "ufactor": "2500",
        "match_order": "LoadWeiLoad",
        "match_scheme": "WeiLoad",
        "contig": false
    }
}