{
    "sum_con_loads": 302.02,
    "max_con_load": 65.35,
    "avg_setup_time": 194.1,
    "assign": {
        "LEO41": {
            "load": 65.35404308531355,
            "switches": [
                "LEO11",
                "LEO21",
                "LEO31",
                "LEO32",
                "LEO41",
                "LEO49",
                "LEO51",
                "LEO58",
                "LEO59"
            ]
        },
        "LEO23": {
            "load": 39.08230833797759,
            "switches": [
                "LEO12",
                "LEO13",
                "LEO14",
                "LEO15",
                "LEO16",
                "LEO17",
                "LEO18",
                "LEO19",
                "LEO22",
                "LEO23",
                "LEO24",
                "LEO25",
                "LEO26",
                "LEO27",
                "LEO28",
                "LEO29"
            ]
        },
        "LEO33": {
            "load": 34.99133484438451,
            "switches": [
                "LEO33",
                "LEO34",
                "LEO35"
            ]
        },
        "LEO37": {
            "load": 22.09906847646568,
            "switches": [
                "LEO36",
                "LEO37",
                "LEO38",
                "LEO39",
                "LEO47",
                "LEO48",
                "LEO56",
                "LEO57",
                "LEO66",
                "LEO67",
                "LEO68",
                "LEO77",
                "LEO81",
                "LEO86",
                "LEO87",
                "LEO88",
                "LEO89"
            ]
        },
        "LEO62": {
            "load": 61.05457230837573,
            "switches": [
                "LEO42",
                "LEO43",
                "LEO44",
                "LEO45",
                "LEO46",
                "LEO52",
                "LEO53",
                "LEO54",
                "LEO55",
                "LEO62",
                "LEO63",
                "LEO64",
                "LEO65",
                "LEO72",
                "LEO73",
                "LEO74",
                "LEO75",
                "LEO76",
                "LEO84",
                "LEO85"
            ]
        },
        "LEO61": {
            "load": 35.93402238923244,
            "switches": [
                "LEO61",
                "LEO69",
                "LEO71"
            ]
        },
        "LEO79": {
            "load": 19.46348894879424,
            "switches": [
                "LEO78",
                "LEO79"
            ]
        },
        "LEO82": {
            "load": 24.03789252643882,
            "switches": [
                "LEO82",
                "LEO83"
            ]
        }
    },
    "args": {
        "part": "8",
        "ufactor": "1100",
        "contig": false,
        "minconn": true
    }
}