{
    "sum_con_loads": 357.42,
    "max_con_load": 67.48,
    "avg_setup_time": 251.42,
    "assign": {
        "LEO24": {
            "load": 59.25700712438888,
            "switches": [
                "LEO11",
                "LEO12",
                "LEO13",
                "LEO14",
                "LEO15",
                "LEO16",
                "LEO17",
                "LEO18",
                "LEO19",
                "LEO33",
                "LEO34",
                "LEO24"
            ]
        },
        "LEO22": {
            "load": 27.073438961020706,
            "switches": [
                "LEO21",
                "LEO22",
                "LEO23",
                "LEO25",
                "LEO26",
                "LEO27",
                "LEO28",
                "LEO29"
            ]
        },
        "LEO38": {
            "load": 34.69092734017546,
            "switches": [
                "LEO31",
                "LEO35",
                "LEO36",
                "LEO37",
                "LEO38",
                "LEO39",
                "LEO55",
                "LEO45",
                "LEO65",
                "LEO56",
                "LEO46",
                "LEO66"
            ]
        },
        "LEO42": {
            "load": 67.29911995337868,
            "switches": [
                "LEO41",
                "LEO42",
                "LEO47",
                "LEO48",
                "LEO49",
                "LEO32"
            ]
        },
        "LEO52": {
            "load": 67.47597082353587,
            "switches": [
                "LEO51",
                "LEO52",
                "LEO57",
                "LEO58",
                "LEO59",
                "LEO61",
                "LEO62"
            ]
        },
        "LEO64": {
            "load": 25.563213831707642,
            "switches": [
                "LEO64",
                "LEO67",
                "LEO68",
                "LEO69",
                "LEO43",
                "LEO44",
                "LEO54"
            ]
        },
        "LEO73": {
            "load": 60.26685725028872,
            "switches": [
                "LEO71",
                "LEO72",
                "LEO73",
                "LEO74",
                "LEO75",
                "LEO76",
                "LEO77",
                "LEO78",
                "LEO79",
                "LEO53",
                "LEO63"
            ]
        },
        "LEO84": {
            "load": 15.798240761638334,
            "switches": [
                "LEO81",
                "LEO82",
                "LEO83",
                "LEO84",
                "LEO85",
                "LEO86",
                "LEO87",
                "LEO88",
                "LEO89"
            ]
        }
    },
    "args": {
        "MCS": "3",
        "MSSLS": "24"
    }
}