{
    "sum_con_loads": 292.79,
    "max_con_load": 63.25,
    "avg_setup_time": 188.69,
    "assign": {
        "LEO41": {
            "load": 40.71683777321955,
            "switches": [
                "LEO11",
                "LEO18",
                "LEO19",
                "LEO21",
                "LEO28",
                "LEO29",
                "LEO31",
                "LEO38",
                "LEO39",
                "LEO41",
                "LEO48",
                "LEO49"
            ]
        },
        "LEO13": {
            "load": 19.754516924525213,
            "switches": [
                "LEO12",
                "LEO13",
                "LEO14"
            ]
        },
        "LEO35": {
            "load": 22.694263638054693,
            "switches": [
                "LEO15",
                "LEO16",
                "LEO17",
                "LEO25",
                "LEO26",
                "LEO27",
                "LEO34",
                "LEO35",
                "LEO36",
                "LEO37",
                "LEO44",
                "LEO45",
                "LEO46",
                "LEO47"
            ]
        },
        "LEO23": {
            "load": 31.4912286137704,
            "switches": [
                "LEO22",
                "LEO23",
                "LEO24"
            ]
        },
        "LEO52": {
            "load": 63.254506688470656,
            "switches": [
                "LEO32",
                "LEO33",
                "LEO42",
                "LEO43",
                "LEO52",
                "LEO53",
                "LEO62",
                "LEO63"
            ]
        },
        "LEO51": {
            "load": 57.55116190599094,
            "switches": [
                "LEO51",
                "LEO59",
                "LEO61",
                "LEO69",
                "LEO71",
                "LEO79",
                "LEO89"
            ]
        },
        "LEO72": {
            "load": 34.7097067524944,
            "switches": [
                "LEO54",
                "LEO55",
                "LEO56",
                "LEO64",
                "LEO65",
                "LEO66",
                "LEO72",
                "LEO73",
                "LEO74",
                "LEO75",
                "LEO81",
                "LEO82",
                "LEO83",
                "LEO84",
                "LEO85"
            ]
        },
        "LEO58": {
            "load": 22.620276702768784,
            "switches": [
                "LEO57",
                "LEO58",
                "LEO67",
                "LEO68",
                "LEO76",
                "LEO77",
                "LEO78",
                "LEO86",
                "LEO87",
                "LEO88"
            ]
        }
    },
    "args": {
        "part": "8",
        "ufactor": "800",
        "contig": false
    }
}