{
    "sum_con_loads": 371.85,
    "max_con_load": 58.46,
    "avg_setup_time": 222.0,
    "assign": {
        "LEO12": {
            "load": 26.902006442884947,
            "switches": [
                "LEO11",
                "LEO12",
                "LEO13",
                "LEO14",
                "LEO15",
                "LEO16",
                "LEO17",
                "LEO18",
                "LEO19"
            ]
        },
        "LEO32": {
            "load": 58.46230299055058,
            "switches": [
                "LEO22",
                "LEO23",
                "LEO24",
                "LEO25",
                "LEO26",
                "LEO27",
                "LEO28",
                "LEO33",
                "LEO34",
                "LEO44",
                "LEO35",
                "LEO36",
                "LEO46",
                "LEO32",
                "LEO52",
                "LEO42"
            ]
        },
        "LEO51": {
            "load": 55.9184970294251,
            "switches": [
                "LEO31",
                "LEO51",
                "LEO41",
                "LEO61"
            ]
        },
        "LEO39": {
            "load": 43.16648287117496,
            "switches": [
                "LEO43",
                "LEO45",
                "LEO47",
                "LEO48",
                "LEO49",
                "LEO37",
                "LEO38",
                "LEO21",
                "LEO29",
                "LEO39"
            ]
        },
        "LEO59": {
            "load": 54.04818527091789,
            "switches": [
                "LEO53",
                "LEO54",
                "LEO55",
                "LEO56",
                "LEO57",
                "LEO58",
                "LEO59"
            ]
        },
        "LEO69": {
            "load": 55.54569828335542,
            "switches": [
                "LEO62",
                "LEO63",
                "LEO64",
                "LEO65",
                "LEO66",
                "LEO67",
                "LEO68",
                "LEO69"
            ]
        },
        "LEO71": {
            "load": 52.740934493348895,
            "switches": [
                "LEO71",
                "LEO72",
                "LEO73",
                "LEO74",
                "LEO75",
                "LEO76",
                "LEO77",
                "LEO78",
                "LEO79"
            ]
        },
        "LEO81": {
            "load": 25.068242124325874,
            "switches": [
                "LEO81",
                "LEO82",
                "LEO83",
                "LEO84",
                "LEO85",
                "LEO86",
                "LEO87",
                "LEO88",
                "LEO89"
            ]
        }
    },
    "args": {
        "MCS": "3",
        "MSSLS": "24"
    }
}