{
    "sum_con_loads": 288.71,
    "max_con_load": 61.02,
    "avg_setup_time": 179.47,
    "assign": {
        "LEO29": {
            "load": 19.55724059830049,
            "switches": [
                "LEO11",
                "LEO18",
                "LEO19",
                "LEO28",
                "LEO29"
            ]
        },
        "LEO12": {
            "load": 16.1222462512136,
            "switches": [
                "LEO12",
                "LEO13",
                "LEO23"
            ]
        },
        "LEO57": {
            "load": 18.891767593240143,
            "switches": [
                "LEO14",
                "LEO15",
                "LEO16",
                "LEO17",
                "LEO24",
                "LEO25",
                "LEO26",
                "LEO27",
                "LEO34",
                "LEO35",
                "LEO36",
                "LEO44",
                "LEO45",
                "LEO46",
                "LEO47",
                "LEO54",
                "LEO55",
                "LEO56",
                "LEO57",
                "LEO64",
                "LEO65",
                "LEO66",
                "LEO74",
                "LEO75",
                "LEO76",
                "LEO84",
                "LEO85",
                "LEO86"
            ]
        },
        "LEO31": {
            "load": 54.06394996662047,
            "switches": [
                "LEO21",
                "LEO22",
                "LEO31",
                "LEO32",
                "LEO33",
                "LEO41",
                "LEO42",
                "LEO43"
            ]
        },
        "LEO49": {
            "load": 51.70266603091838,
            "switches": [
                "LEO37",
                "LEO38",
                "LEO39",
                "LEO48",
                "LEO49",
                "LEO58",
                "LEO59"
            ]
        },
        "LEO61": {
            "load": 61.01742675601234,
            "switches": [
                "LEO51",
                "LEO61",
                "LEO71",
                "LEO79",
                "LEO81"
            ]
        },
        "LEO72": {
            "load": 30.464057686875243,
            "switches": [
                "LEO52",
                "LEO53",
                "LEO62",
                "LEO63",
                "LEO72",
                "LEO73",
                "LEO82",
                "LEO83"
            ]
        },
        "LEO68": {
            "load": 36.890318332478586,
            "switches": [
                "LEO67",
                "LEO68",
                "LEO69",
                "LEO77",
                "LEO78",
                "LEO87",
                "LEO88",
                "LEO89"
            ]
        }
    },
    "args": {
        "part": "8",
        "ufactor": "1200",
        "match_order": "SumWei",
        "match_scheme": "WeiLoad",
        "contig": true
    }
}