{
    "sum_con_loads": 287.64,
    "max_con_load": 55.87,
    "avg_setup_time": 194.78,
    "assign": {
        "LEO21": {
            "load": 11.948662353702234,
            "switches": [
                "LEO11",
                "LEO19",
                "LEO21",
                "LEO22",
                "LEO29"
            ]
        },
        "LEO33": {
            "load": 55.86800405636005,
            "switches": [
                "LEO12",
                "LEO13",
                "LEO23",
                "LEO32",
                "LEO33",
                "LEO42",
                "LEO43",
                "LEO53",
                "LEO63"
            ]
        },
        "LEO14": {
            "load": 29.5058013969781,
            "switches": [
                "LEO14",
                "LEO24"
            ]
        },
        "LEO35": {
            "load": 28.384315529712996,
            "switches": [
                "LEO15",
                "LEO16",
                "LEO17",
                "LEO18",
                "LEO25",
                "LEO26",
                "LEO28",
                "LEO34",
                "LEO35",
                "LEO36",
                "LEO44",
                "LEO45",
                "LEO46",
                "LEO54",
                "LEO55",
                "LEO56",
                "LEO64"
            ]
        },
        "LEO59": {
            "load": 28.547758968159375,
            "switches": [
                "LEO27",
                "LEO37",
                "LEO38",
                "LEO47",
                "LEO48",
                "LEO57",
                "LEO58",
                "LEO59",
                "LEO67",
                "LEO68"
            ]
        },
        "LEO41": {
            "load": 50.7251237462036,
            "switches": [
                "LEO31",
                "LEO39",
                "LEO41",
                "LEO49",
                "LEO51"
            ]
        },
        "LEO72": {
            "load": 46.40954319668002,
            "switches": [
                "LEO52",
                "LEO62",
                "LEO65",
                "LEO72",
                "LEO73",
                "LEO74",
                "LEO75",
                "LEO82",
                "LEO83",
                "LEO84",
                "LEO85"
            ]
        },
        "LEO61": {
            "load": 36.25021342188281,
            "switches": [
                "LEO61",
                "LEO66",
                "LEO69",
                "LEO71",
                "LEO76",
                "LEO77",
                "LEO78",
                "LEO79",
                "LEO81",
                "LEO86",
                "LEO87",
                "LEO88",
                "LEO89"
            ]
        }
    },
    "args": {
        "part": "8",
        "ufactor": "900",
        "match_order": "LoadWeiLoad",
        "match_scheme": "SRC",
        "contig": true
    }
}