{
    "sum_con_loads": 321.35,
    "max_con_load": 56.56,
    "avg_setup_time": 245.3,
    "assign": {
        "LEO23": {
            "load": 56.55820646438571,
            "switches": [
                "LEO12",
                "LEO13",
                "LEO14",
                "LEO15",
                "LEO16",
                "LEO17",
                "LEO18",
                "LEO19",
                "LEO33",
                "LEO23"
            ]
        },
        "LEO24": {
            "load": 32.83960770021117,
            "switches": [
                "LEO21",
                "LEO22",
                "LEO24",
                "LEO25",
                "LEO26",
                "LEO27",
                "LEO28",
                "LEO29",
                "LEO11"
            ]
        },
        "LEO32": {
            "load": 55.18069073205181,
            "switches": [
                "LEO32",
                "LEO34",
                "LEO35",
                "LEO36",
                "LEO37",
                "LEO38",
                "LEO39",
                "LEO54",
                "LEO44",
                "LEO64",
                "LEO56",
                "LEO46",
                "LEO57",
                "LEO67",
                "LEO47",
                "LEO58"
            ]
        },
        "LEO49": {
            "load": 8.022937846684993,
            "switches": [
                "LEO42",
                "LEO48",
                "LEO49"
            ]
        },
        "LEO51": {
            "load": 53.91750414821484,
            "switches": [
                "LEO51",
                "LEO59",
                "LEO31",
                "LEO41"
            ]
        },
        "LEO62": {
            "load": 43.49446470543375,
            "switches": [
                "LEO62",
                "LEO63",
                "LEO66",
                "LEO52",
                "LEO72",
                "LEO53",
                "LEO43"
            ]
        },
        "LEO71": {
            "load": 55.54840449552525,
            "switches": [
                "LEO71",
                "LEO73",
                "LEO74",
                "LEO75",
                "LEO76",
                "LEO77",
                "LEO78",
                "LEO79",
                "LEO61",
                "LEO69",
                "LEO68",
                "LEO55",
                "LEO65",
                "LEO45"
            ]
        },
        "LEO83": {
            "load": 15.785981311541729,
            "switches": [
                "LEO81",
                "LEO82",
                "LEO83",
                "LEO84",
                "LEO85",
                "LEO86",
                "LEO87",
                "LEO88",
                "LEO89"
            ]
        }
    },
    "args": {
        "MCS": "3",
        "MSSLS": "24"
    }
}