{
    "sum_con_loads": 250.03,
    "max_con_load": 61.46,
    "avg_setup_time": 201.56,
    "assign": {
        "LEO21": {
            "load": 60.160836238300725,
            "switches": [
                "LEO11",
                "LEO12",
                "LEO19",
                "LEO21",
                "LEO22",
                "LEO29",
                "LEO31",
                "LEO39",
                "LEO41",
                "LEO51"
            ]
        },
        "LEO13": {
            "load": 18.122057525336004,
            "switches": [
                "LEO13",
                "LEO14",
                "LEO15",
                "LEO16",
                "LEO23",
                "LEO24",
                "LEO25",
                "LEO26",
                "LEO34",
                "LEO35",
                "LEO44",
                "LEO45",
                "LEO54",
                "LEO64"
            ]
        },
        "LEO38": {
            "load": 25.483637638183524,
            "switches": [
                "LEO17",
                "LEO18",
                "LEO27",
                "LEO28",
                "LEO36",
                "LEO37",
                "LEO38"
            ]
        },
        "LEO33": {
            "load": 10.898981033531168,
            "switches": [
                "LEO32",
                "LEO33",
                "LEO42",
                "LEO43",
                "LEO52",
                "LEO53"
            ]
        },
        "LEO58": {
            "load": 61.46221357417331,
            "switches": [
                "LEO46",
                "LEO47",
                "LEO48",
                "LEO49",
                "LEO57",
                "LEO58",
                "LEO59",
                "LEO67",
                "LEO68"
            ]
        },
        "LEO65": {
            "load": 22.52725124449975,
            "switches": [
                "LEO55",
                "LEO56",
                "LEO63",
                "LEO65",
                "LEO66",
                "LEO73",
                "LEO74",
                "LEO75",
                "LEO76"
            ]
        },
        "LEO71": {
            "load": 51.37754902697834,
            "switches": [
                "LEO61",
                "LEO62",
                "LEO69",
                "LEO71",
                "LEO72",
                "LEO77",
                "LEO78",
                "LEO79",
                "LEO81",
                "LEO82",
                "LEO83",
                "LEO84",
                "LEO85",
                "LEO86",
                "LEO87",
                "LEO88",
                "LEO89"
            ]
        }
    },
    "args": {
        "part": "8",
        "ufactor": "1200",
        "contig": true,
        "minconn": false
    }
}