{
    "sum_con_loads": 264.07,
    "max_con_load": 50.24,
    "avg_setup_time": 184.52,
    "assign": {
        "LEO21": {
            "load": 39.655891940549324,
            "switches": [
                "LEO11",
                "LEO12",
                "LEO21",
                "LEO22",
                "LEO31",
                "LEO32",
                "LEO42",
                "LEO43",
                "LEO52",
                "LEO53",
                "LEO62",
                "LEO63"
            ]
        },
        "LEO23": {
            "load": 18.734256605426836,
            "switches": [
                "LEO13",
                "LEO14",
                "LEO15",
                "LEO23",
                "LEO24",
                "LEO25",
                "LEO33",
                "LEO34",
                "LEO44"
            ]
        },
        "LEO37": {
            "load": 14.144736643040684,
            "switches": [
                "LEO16",
                "LEO17",
                "LEO26",
                "LEO27",
                "LEO35",
                "LEO36",
                "LEO37",
                "LEO46",
                "LEO47"
            ]
        },
        "LEO39": {
            "load": 47.786067655266365,
            "switches": [
                "LEO18",
                "LEO19",
                "LEO28",
                "LEO29",
                "LEO38",
                "LEO39",
                "LEO48",
                "LEO49"
            ]
        },
        "LEO61": {
            "load": 50.23830379826053,
            "switches": [
                "LEO41",
                "LEO51",
                "LEO54",
                "LEO61",
                "LEO64",
                "LEO71",
                "LEO72",
                "LEO73",
                "LEO74",
                "LEO79",
                "LEO83",
                "LEO84"
            ]
        },
        "LEO67": {
            "load": 25.869311345767592,
            "switches": [
                "LEO45",
                "LEO55",
                "LEO56",
                "LEO57",
                "LEO65",
                "LEO66",
                "LEO67",
                "LEO75",
                "LEO76"
            ]
        },
        "LEO68": {
            "load": 46.31943844879237,
            "switches": [
                "LEO58",
                "LEO59",
                "LEO68",
                "LEO69",
                "LEO77",
                "LEO78",
                "LEO85",
                "LEO86",
                "LEO87"
            ]
        },
        "LEO81": {
            "load": 21.324556966504275,
            "switches": [
                "LEO81",
                "LEO82",
                "LEO88",
                "LEO89"
            ]
        }
    },
    "args": {
        "part": "8",
        "ufactor": "100",
        "match_order": "LoadWeiLoad",
        "match_scheme": "SRC",
        "contig": true
    }
}