{
    "sum_con_loads": 281.58,
    "max_con_load": 63.26,
    "avg_setup_time": 181.96,
    "assign": {
        "LEO32": {
            "load": 52.828432468984246,
            "switches": [
                "LEO11",
                "LEO12",
                "LEO13",
                "LEO19",
                "LEO22",
                "LEO23",
                "LEO26",
                "LEO32",
                "LEO33",
                "LEO42",
                "LEO43",
                "LEO46",
                "LEO53"
            ]
        },
        "LEO34": {
            "load": 16.292486761210704,
            "switches": [
                "LEO14",
                "LEO15",
                "LEO24",
                "LEO25",
                "LEO34",
                "LEO35",
                "LEO36",
                "LEO45"
            ]
        },
        "LEO41": {
            "load": 63.25513103916089,
            "switches": [
                "LEO16",
                "LEO17",
                "LEO18",
                "LEO27",
                "LEO28",
                "LEO31",
                "LEO37",
                "LEO38",
                "LEO39",
                "LEO41",
                "LEO47",
                "LEO48",
                "LEO49",
                "LEO51",
                "LEO57",
                "LEO58",
                "LEO59"
            ]
        },
        "LEO21": {
            "load": 19.150294599143447,
            "switches": [
                "LEO21",
                "LEO29"
            ]
        },
        "LEO73": {
            "load": 25.273412097118893,
            "switches": [
                "LEO44",
                "LEO54",
                "LEO55",
                "LEO56",
                "LEO64",
                "LEO65",
                "LEO66",
                "LEO73",
                "LEO74",
                "LEO75",
                "LEO76",
                "LEO81",
                "LEO83",
                "LEO84",
                "LEO85",
                "LEO86",
                "LEO87",
                "LEO88",
                "LEO89"
            ]
        },
        "LEO62": {
            "load": 56.244480679659226,
            "switches": [
                "LEO52",
                "LEO61",
                "LEO62",
                "LEO63",
                "LEO71",
                "LEO72",
                "LEO82"
            ]
        },
        "LEO69": {
            "load": 27.116489303098028,
            "switches": [
                "LEO67",
                "LEO68",
                "LEO69"
            ]
        },
        "LEO79": {
            "load": 21.416557299011316,
            "switches": [
                "LEO77",
                "LEO78",
                "LEO79"
            ]
        }
    },
    "args": {
        "part": "8",
        "ufactor": "2100",
        "match_order": "SumWei",
        "match_scheme": "SRC",
        "contig": true
    }
}