{
    "sum_con_loads": 261.57,
    "max_con_load": 52.97,
    "avg_setup_time": 187.56,
    "assign": {
        "LEO39": {
            "load": 36.37707683040115,
            "switches": [
                "LEO11",
                "LEO18",
                "LEO19",
                "LEO21",
                "LEO28",
                "LEO29",
                "LEO31",
                "LEO38",
                "LEO39"
            ]
        },
        "LEO22": {
            "load": 40.40121943122365,
            "switches": [
                "LEO12",
                "LEO13",
                "LEO14",
                "LEO15",
                "LEO16",
                "LEO17",
                "LEO22",
                "LEO23",
                "LEO24",
                "LEO25",
                "LEO26"
            ]
        },
        "LEO67": {
            "load": 20.133160268398573,
            "switches": [
                "LEO27",
                "LEO35",
                "LEO36",
                "LEO37",
                "LEO45",
                "LEO46",
                "LEO47",
                "LEO54",
                "LEO55",
                "LEO56",
                "LEO57",
                "LEO65",
                "LEO66",
                "LEO67",
                "LEO68",
                "LEO75",
                "LEO76"
            ]
        },
        "LEO32": {
            "load": 52.96905308940435,
            "switches": [
                "LEO32",
                "LEO33",
                "LEO34",
                "LEO41",
                "LEO42",
                "LEO43",
                "LEO44",
                "LEO52",
                "LEO53",
                "LEO62",
                "LEO63",
                "LEO64"
            ]
        },
        "LEO49": {
            "load": 43.369642160163394,
            "switches": [
                "LEO48",
                "LEO49",
                "LEO51",
                "LEO58",
                "LEO59"
            ]
        },
        "LEO69": {
            "load": 31.556161969480875,
            "switches": [
                "LEO61",
                "LEO69",
                "LEO71",
                "LEO79",
                "LEO81",
                "LEO89"
            ]
        },
        "LEO72": {
            "load": 26.765590714565132,
            "switches": [
                "LEO72",
                "LEO73",
                "LEO74",
                "LEO82",
                "LEO83",
                "LEO84",
                "LEO85",
                "LEO86"
            ]
        },
        "LEO77": {
            "load": 9.995396666858642,
            "switches": [
                "LEO77",
                "LEO78",
                "LEO87",
                "LEO88"
            ]
        }
    },
    "args": {
        "part": "8",
        "ufactor": "1400",
        "match_order": "Wei",
        "match_scheme": "WeiDif",
        "contig": true
    }
}