{
    "sum_con_loads": 274.09,
    "max_con_load": 64.46,
    "avg_setup_time": 193.34,
    "assign": {
        "LEO31": {
            "load": 23.261219822542856,
            "switches": [
                "LEO11",
                "LEO12",
                "LEO19",
                "LEO21",
                "LEO22",
                "LEO28",
                "LEO29",
                "LEO31",
                "LEO32",
                "LEO38",
                "LEO39"
            ]
        },
        "LEO33": {
            "load": 54.466702626677815,
            "switches": [
                "LEO13",
                "LEO14",
                "LEO23",
                "LEO33",
                "LEO42",
                "LEO43"
            ]
        },
        "LEO24": {
            "load": 23.66077215526468,
            "switches": [
                "LEO15",
                "LEO16",
                "LEO17",
                "LEO18",
                "LEO24",
                "LEO25",
                "LEO26",
                "LEO27",
                "LEO37"
            ]
        },
        "LEO34": {
            "load": 18.96920059524643,
            "switches": [
                "LEO34",
                "LEO35",
                "LEO36",
                "LEO44",
                "LEO45",
                "LEO46",
                "LEO55",
                "LEO56"
            ]
        },
        "LEO51": {
            "load": 64.45793893117019,
            "switches": [
                "LEO41",
                "LEO49",
                "LEO51",
                "LEO61",
                "LEO71"
            ]
        },
        "LEO59": {
            "load": 35.797878427185964,
            "switches": [
                "LEO47",
                "LEO48",
                "LEO57",
                "LEO58",
                "LEO59",
                "LEO67",
                "LEO68",
                "LEO69"
            ]
        },
        "LEO63": {
            "load": 39.99456040393977,
            "switches": [
                "LEO52",
                "LEO53",
                "LEO54",
                "LEO62",
                "LEO63",
                "LEO64",
                "LEO72",
                "LEO73",
                "LEO74",
                "LEO81",
                "LEO82",
                "LEO83",
                "LEO84"
            ]
        },
        "LEO78": {
            "load": 13.482953779102022,
            "switches": [
                "LEO65",
                "LEO66",
                "LEO75",
                "LEO76",
                "LEO77",
                "LEO78",
                "LEO79",
                "LEO85",
                "LEO86",
                "LEO87",
                "LEO88",
                "LEO89"
            ]
        }
    },
    "args": {
        "part": "8",
        "ufactor": "400",
        "match_order": "SRC",
        "match_scheme": "WeiLoad",
        "contig": true
    }
}