{
    "sum_con_loads": 292.32,
    "max_con_load": 66.65,
    "avg_setup_time": 191.6,
    "assign": {
        "LEO25": {
            "load": 15.269458083405688,
            "switches": [
                "LEO11",
                "LEO19",
                "LEO21",
                "LEO25",
                "LEO29"
            ]
        },
        "LEO22": {
            "load": 15.815014304360822,
            "switches": [
                "LEO12",
                "LEO22"
            ]
        },
        "LEO34": {
            "load": 61.529976611434655,
            "switches": [
                "LEO13",
                "LEO14",
                "LEO15",
                "LEO23",
                "LEO24",
                "LEO34",
                "LEO35"
            ]
        },
        "LEO36": {
            "load": 12.785937393360685,
            "switches": [
                "LEO16",
                "LEO17",
                "LEO18",
                "LEO26",
                "LEO27",
                "LEO28",
                "LEO36",
                "LEO46"
            ]
        },
        "LEO42": {
            "load": 66.65197669233075,
            "switches": [
                "LEO31",
                "LEO32",
                "LEO33",
                "LEO38",
                "LEO39",
                "LEO41",
                "LEO42",
                "LEO48",
                "LEO49",
                "LEO52"
            ]
        },
        "LEO62": {
            "load": 45.88260160467796,
            "switches": [
                "LEO37",
                "LEO47",
                "LEO57",
                "LEO58",
                "LEO61",
                "LEO62",
                "LEO68",
                "LEO69",
                "LEO71",
                "LEO72",
                "LEO78",
                "LEO79",
                "LEO81",
                "LEO82",
                "LEO88",
                "LEO89"
            ]
        },
        "LEO63": {
            "load": 51.92670820343315,
            "switches": [
                "LEO43",
                "LEO44",
                "LEO45",
                "LEO53",
                "LEO54",
                "LEO55",
                "LEO56",
                "LEO63",
                "LEO64",
                "LEO65",
                "LEO66",
                "LEO67",
                "LEO73",
                "LEO74",
                "LEO75",
                "LEO76",
                "LEO77",
                "LEO83",
                "LEO84",
                "LEO85",
                "LEO86",
                "LEO87"
            ]
        },
        "LEO51": {
            "load": 22.45996986625313,
            "switches": [
                "LEO51",
                "LEO59"
            ]
        }
    },
    "args": {
        "part": "8",
        "ufactor": "900",
        "match_order": "SRC",
        "match_scheme": "WeiDif",
        "contig": false
    }
}