{
    "sum_con_loads": 253.14,
    "max_con_load": 55.07,
    "avg_setup_time": 184.98,
    "assign": {
        "LEO31": {
            "load": 24.975523455540277,
            "switches": [
                "LEO11",
                "LEO19",
                "LEO21",
                "LEO28",
                "LEO29",
                "LEO31",
                "LEO38",
                "LEO39"
            ]
        },
        "LEO42": {
            "load": 48.066024079625244,
            "switches": [
                "LEO12",
                "LEO22",
                "LEO32",
                "LEO41",
                "LEO42"
            ]
        },
        "LEO23": {
            "load": 44.32395761371516,
            "switches": [
                "LEO13",
                "LEO14",
                "LEO15",
                "LEO16",
                "LEO17",
                "LEO18",
                "LEO23",
                "LEO24",
                "LEO33",
                "LEO34"
            ]
        },
        "LEO35": {
            "load": 11.248062712723137,
            "switches": [
                "LEO25",
                "LEO26",
                "LEO27",
                "LEO35",
                "LEO36",
                "LEO37",
                "LEO45",
                "LEO46",
                "LEO56"
            ]
        },
        "LEO63": {
            "load": 55.071841976928226,
            "switches": [
                "LEO43",
                "LEO44",
                "LEO53",
                "LEO54",
                "LEO55",
                "LEO62",
                "LEO63",
                "LEO64",
                "LEO65",
                "LEO66",
                "LEO72",
                "LEO73",
                "LEO74",
                "LEO75",
                "LEO76",
                "LEO81",
                "LEO82",
                "LEO83",
                "LEO84",
                "LEO85",
                "LEO86",
                "LEO89"
            ]
        },
        "LEO61": {
            "load": 36.21661705256298,
            "switches": [
                "LEO47",
                "LEO57",
                "LEO58",
                "LEO61",
                "LEO67",
                "LEO68",
                "LEO69",
                "LEO71",
                "LEO77",
                "LEO78",
                "LEO79",
                "LEO87",
                "LEO88"
            ]
        },
        "LEO49": {
            "load": 3.283245264014118,
            "switches": [
                "LEO48",
                "LEO49"
            ]
        },
        "LEO51": {
            "load": 29.957350972024926,
            "switches": [
                "LEO51",
                "LEO52",
                "LEO59"
            ]
        }
    },
    "args": {
        "part": "8",
        "ufactor": "1000",
        "match_order": "SumWei",
        "match_scheme": "WeiDif",
        "contig": false
    }
}