{
    "sum_con_loads": 322.45,
    "max_con_load": 58.74,
    "avg_setup_time": 227.23,
    "assign": {
        "LEO21": {
            "load": 46.257389679473285,
            "switches": [
                "LEO11",
                "LEO12",
                "LEO13",
                "LEO14",
                "LEO15",
                "LEO16",
                "LEO17",
                "LEO18",
                "LEO19",
                "LEO31",
                "LEO21"
            ]
        },
        "LEO29": {
            "load": 33.53733549783673,
            "switches": [
                "LEO22",
                "LEO23",
                "LEO24",
                "LEO25",
                "LEO26",
                "LEO27",
                "LEO28",
                "LEO29"
            ]
        },
        "LEO39": {
            "load": 45.125541199058326,
            "switches": [
                "LEO32",
                "LEO33",
                "LEO34",
                "LEO35",
                "LEO36",
                "LEO37",
                "LEO38",
                "LEO39"
            ]
        },
        "LEO48": {
            "load": 40.1681104048715,
            "switches": [
                "LEO42",
                "LEO43",
                "LEO44",
                "LEO45",
                "LEO46",
                "LEO47",
                "LEO48",
                "LEO49"
            ]
        },
        "LEO58": {
            "load": 31.547973689626748,
            "switches": [
                "LEO52",
                "LEO53",
                "LEO54",
                "LEO55",
                "LEO56",
                "LEO57",
                "LEO58",
                "LEO59"
            ]
        },
        "LEO68": {
            "load": 30.31354935269349,
            "switches": [
                "LEO62",
                "LEO63",
                "LEO64",
                "LEO65",
                "LEO66",
                "LEO67",
                "LEO68",
                "LEO69"
            ]
        },
        "LEO78": {
            "load": 36.75612667923078,
            "switches": [
                "LEO72",
                "LEO73",
                "LEO74",
                "LEO75",
                "LEO76",
                "LEO77",
                "LEO78",
                "LEO79"
            ]
        },
        "LEO61": {
            "load": 58.742572492526214,
            "switches": [
                "LEO81",
                "LEO82",
                "LEO83",
                "LEO84",
                "LEO85",
                "LEO86",
                "LEO87",
                "LEO88",
                "LEO89",
                "LEO41",
                "LEO51",
                "LEO71",
                "LEO61"
            ]
        }
    },
    "args": {
        "MCS": "3",
        "MSSLS": "24"
    }
}