{
    "sum_con_loads": 296.02,
    "max_con_load": 64.6,
    "avg_setup_time": 192.67,
    "assign": {
        "LEO38": {
            "load": 22.536381049703202,
            "switches": [
                "LEO11",
                "LEO16",
                "LEO17",
                "LEO18",
                "LEO19",
                "LEO21",
                "LEO26",
                "LEO27",
                "LEO28",
                "LEO29",
                "LEO31",
                "LEO36",
                "LEO37",
                "LEO38",
                "LEO39",
                "LEO46",
                "LEO47",
                "LEO48",
                "LEO49",
                "LEO57",
                "LEO58"
            ]
        },
        "LEO42": {
            "load": 41.694123861076434,
            "switches": [
                "LEO12",
                "LEO22",
                "LEO32",
                "LEO41",
                "LEO42"
            ]
        },
        "LEO14": {
            "load": 19.098899964222547,
            "switches": [
                "LEO13",
                "LEO14",
                "LEO15"
            ]
        },
        "LEO33": {
            "load": 64.60084060359036,
            "switches": [
                "LEO23",
                "LEO24",
                "LEO25",
                "LEO33",
                "LEO34",
                "LEO35",
                "LEO43",
                "LEO44",
                "LEO45",
                "LEO53",
                "LEO54"
            ]
        },
        "LEO51": {
            "load": 25.904103743373476,
            "switches": [
                "LEO51",
                "LEO59"
            ]
        },
        "LEO62": {
            "load": 57.8184032424582,
            "switches": [
                "LEO52",
                "LEO61",
                "LEO62",
                "LEO69",
                "LEO71",
                "LEO72",
                "LEO79",
                "LEO81",
                "LEO89"
            ]
        },
        "LEO73": {
            "load": 47.223818517535946,
            "switches": [
                "LEO55",
                "LEO56",
                "LEO63",
                "LEO64",
                "LEO65",
                "LEO66",
                "LEO67",
                "LEO73",
                "LEO74",
                "LEO75",
                "LEO76",
                "LEO82",
                "LEO83"
            ]
        },
        "LEO84": {
            "load": 17.143950555875517,
            "switches": [
                "LEO68",
                "LEO77",
                "LEO78",
                "LEO84",
                "LEO85",
                "LEO86",
                "LEO87",
                "LEO88"
            ]
        }
    },
    "args": {
        "part": "8",
        "ufactor": "1000",
        "contig": false
    }
}