{
    "sum_con_loads": 280.31,
    "max_con_load": 67.68,
    "avg_setup_time": 183.71,
    "assign": {
        "LEO29": {
            "load": 28.57883271073738,
            "switches": [
                "LEO11",
                "LEO19",
                "LEO21",
                "LEO29",
                "LEO39"
            ]
        },
        "LEO12": {
            "load": 17.64463877736273,
            "switches": [
                "LEO12",
                "LEO13",
                "LEO14"
            ]
        },
        "LEO38": {
            "load": 23.430624762405834,
            "switches": [
                "LEO15",
                "LEO16",
                "LEO17",
                "LEO18",
                "LEO25",
                "LEO26",
                "LEO27",
                "LEO28",
                "LEO35",
                "LEO36",
                "LEO37",
                "LEO38",
                "LEO45",
                "LEO46",
                "LEO56"
            ]
        },
        "LEO32": {
            "load": 49.11180111221066,
            "switches": [
                "LEO22",
                "LEO23",
                "LEO24",
                "LEO32",
                "LEO33",
                "LEO34",
                "LEO42",
                "LEO43",
                "LEO44"
            ]
        },
        "LEO51": {
            "load": 67.68233385173464,
            "switches": [
                "LEO31",
                "LEO41",
                "LEO51",
                "LEO61",
                "LEO71",
                "LEO81",
                "LEO82"
            ]
        },
        "LEO59": {
            "load": 50.51739114132586,
            "switches": [
                "LEO47",
                "LEO48",
                "LEO49",
                "LEO57",
                "LEO58",
                "LEO59",
                "LEO68",
                "LEO69"
            ]
        },
        "LEO62": {
            "load": 20.13849395715156,
            "switches": [
                "LEO52",
                "LEO53",
                "LEO54",
                "LEO55",
                "LEO62",
                "LEO63",
                "LEO64",
                "LEO65",
                "LEO72",
                "LEO73",
                "LEO74",
                "LEO75",
                "LEO83",
                "LEO84",
                "LEO85"
            ]
        },
        "LEO78": {
            "load": 23.209367665011012,
            "switches": [
                "LEO66",
                "LEO67",
                "LEO76",
                "LEO77",
                "LEO78",
                "LEO79",
                "LEO86",
                "LEO87",
                "LEO88",
                "LEO89"
            ]
        }
    },
    "args": {
        "part": "8",
        "ufactor": "900",
        "contig": true
    }
}