{
    "sum_con_loads": 274.24,
    "max_con_load": 50.95,
    "avg_setup_time": 180.52,
    "assign": {
        "LEO31": {
            "load": 44.42802823734287,
            "switches": [
                "LEO11",
                "LEO12",
                "LEO13",
                "LEO14",
                "LEO21",
                "LEO22",
                "LEO31",
                "LEO32"
            ]
        },
        "LEO37": {
            "load": 14.217030096536845,
            "switches": [
                "LEO15",
                "LEO16",
                "LEO17",
                "LEO18",
                "LEO26",
                "LEO27",
                "LEO35",
                "LEO36",
                "LEO37",
                "LEO46"
            ]
        },
        "LEO39": {
            "load": 47.81397247361798,
            "switches": [
                "LEO19",
                "LEO28",
                "LEO29",
                "LEO38",
                "LEO39",
                "LEO47",
                "LEO48",
                "LEO49"
            ]
        },
        "LEO33": {
            "load": 10.263743316478008,
            "switches": [
                "LEO23",
                "LEO24",
                "LEO25",
                "LEO33",
                "LEO34",
                "LEO43",
                "LEO44",
                "LEO45",
                "LEO54",
                "LEO64"
            ]
        },
        "LEO51": {
            "load": 50.94701280339861,
            "switches": [
                "LEO41",
                "LEO42",
                "LEO51",
                "LEO52",
                "LEO53",
                "LEO59",
                "LEO61",
                "LEO62",
                "LEO63"
            ]
        },
        "LEO78": {
            "load": 28.630827985682927,
            "switches": [
                "LEO55",
                "LEO56",
                "LEO65",
                "LEO66",
                "LEO75",
                "LEO76",
                "LEO77",
                "LEO78",
                "LEO79",
                "LEO85",
                "LEO86",
                "LEO87"
            ]
        },
        "LEO58": {
            "load": 38.01492206242539,
            "switches": [
                "LEO57",
                "LEO58",
                "LEO67",
                "LEO68",
                "LEO69"
            ]
        },
        "LEO71": {
            "load": 39.9240234970794,
            "switches": [
                "LEO71",
                "LEO72",
                "LEO73",
                "LEO74",
                "LEO81",
                "LEO82",
                "LEO83",
                "LEO84",
                "LEO88",
                "LEO89"
            ]
        }
    },
    "args": {
        "part": "8",
        "ufactor": "400",
        "match_order": "Wei",
        "match_scheme": "WeiDif",
        "contig": true
    }
}