{
    "sum_con_loads": 298.03,
    "max_con_load": 61.81,
    "avg_setup_time": 193.79,
    "assign": {
        "LEO41": {
            "load": 46.90456371255778,
            "switches": [
                "LEO11",
                "LEO19",
                "LEO21",
                "LEO28",
                "LEO29",
                "LEO31",
                "LEO32",
                "LEO41",
                "LEO49"
            ]
        },
        "LEO23": {
            "load": 39.26805912128697,
            "switches": [
                "LEO12",
                "LEO13",
                "LEO14",
                "LEO22",
                "LEO23"
            ]
        },
        "LEO25": {
            "load": 23.021934019805343,
            "switches": [
                "LEO15",
                "LEO16",
                "LEO24",
                "LEO25",
                "LEO26",
                "LEO35",
                "LEO36",
                "LEO45",
                "LEO46",
                "LEO47",
                "LEO55",
                "LEO56",
                "LEO57",
                "LEO65",
                "LEO66",
                "LEO67",
                "LEO75",
                "LEO76",
                "LEO77",
                "LEO84",
                "LEO85",
                "LEO86",
                "LEO87",
                "LEO88"
            ]
        },
        "LEO38": {
            "load": 22.545818844436138,
            "switches": [
                "LEO17",
                "LEO18",
                "LEO27",
                "LEO37",
                "LEO38",
                "LEO39",
                "LEO48",
                "LEO58"
            ]
        },
        "LEO42": {
            "load": 61.81301744766938,
            "switches": [
                "LEO33",
                "LEO34",
                "LEO42",
                "LEO43",
                "LEO44",
                "LEO52",
                "LEO53",
                "LEO54",
                "LEO62",
                "LEO63",
                "LEO64"
            ]
        },
        "LEO51": {
            "load": 31.84386671928526,
            "switches": [
                "LEO51",
                "LEO59"
            ]
        },
        "LEO61": {
            "load": 43.92271427447961,
            "switches": [
                "LEO61",
                "LEO68",
                "LEO69",
                "LEO71",
                "LEO78",
                "LEO79",
                "LEO81",
                "LEO89"
            ]
        },
        "LEO73": {
            "load": 28.712299875748567,
            "switches": [
                "LEO72",
                "LEO73",
                "LEO74",
                "LEO82",
                "LEO83"
            ]
        }
    },
    "args": {
        "part": "8",
        "ufactor": "1600",
        "match_order": "Wei",
        "match_scheme": "SRC",
        "contig": true
    }
}