{
    "sum_con_loads": 276.85,
    "max_con_load": 65.13,
    "avg_setup_time": 184.73,
    "assign": {
        "LEO31": {
            "load": 23.265696464220802,
            "switches": [
                "LEO11",
                "LEO18",
                "LEO19",
                "LEO21",
                "LEO27",
                "LEO28",
                "LEO29",
                "LEO31",
                "LEO38",
                "LEO39",
                "LEO48",
                "LEO49"
            ]
        },
        "LEO23": {
            "load": 57.04995228749226,
            "switches": [
                "LEO12",
                "LEO13",
                "LEO14",
                "LEO15",
                "LEO16",
                "LEO17",
                "LEO22",
                "LEO23",
                "LEO24",
                "LEO25",
                "LEO33"
            ]
        },
        "LEO61": {
            "load": 36.65274144629746,
            "switches": [
                "LEO26",
                "LEO36",
                "LEO37",
                "LEO46",
                "LEO47",
                "LEO56",
                "LEO57",
                "LEO58",
                "LEO61",
                "LEO62",
                "LEO66",
                "LEO67",
                "LEO68",
                "LEO69",
                "LEO71",
                "LEO72",
                "LEO76",
                "LEO77",
                "LEO78",
                "LEO79",
                "LEO81",
                "LEO86",
                "LEO87",
                "LEO88",
                "LEO89"
            ]
        },
        "LEO42": {
            "load": 65.13239707259594,
            "switches": [
                "LEO32",
                "LEO41",
                "LEO42",
                "LEO51",
                "LEO52",
                "LEO59"
            ]
        },
        "LEO34": {
            "load": 17.694211619420663,
            "switches": [
                "LEO34",
                "LEO35"
            ]
        },
        "LEO63": {
            "load": 59.365615771316136,
            "switches": [
                "LEO43",
                "LEO44",
                "LEO45",
                "LEO53",
                "LEO54",
                "LEO55",
                "LEO63",
                "LEO64",
                "LEO65",
                "LEO73",
                "LEO74",
                "LEO75"
            ]
        },
        "LEO83": {
            "load": 17.69145618488239,
            "switches": [
                "LEO82",
                "LEO83",
                "LEO84",
                "LEO85"
            ]
        }
    },
    "args": {
        "part": "8",
        "ufactor": "700",
        "contig": true,
        "minconn": false
    }
}