{
    "sum_con_loads": 379.7,
    "max_con_load": 68.13,
    "avg_setup_time": 270.95,
    "assign": {
        "LEO32": {
            "load": 68.13023219491429,
            "switches": [
                "LEO12",
                "LEO13",
                "LEO17",
                "LEO18",
                "LEO42",
                "LEO32",
                "LEO22",
                "LEO51",
                "LEO41"
            ]
        },
        "LEO21": {
            "load": 36.25045723793418,
            "switches": [
                "LEO21",
                "LEO23",
                "LEO24",
                "LEO25",
                "LEO26",
                "LEO27",
                "LEO28",
                "LEO29",
                "LEO11",
                "LEO19",
                "LEO14",
                "LEO15",
                "LEO16"
            ]
        },
        "LEO39": {
            "load": 52.75518252842355,
            "switches": [
                "LEO31",
                "LEO33",
                "LEO34",
                "LEO35",
                "LEO36",
                "LEO37",
                "LEO38",
                "LEO39",
                "LEO63",
                "LEO53",
                "LEO43"
            ]
        },
        "LEO49": {
            "load": 44.86110079537669,
            "switches": [
                "LEO44",
                "LEO45",
                "LEO46",
                "LEO47",
                "LEO48",
                "LEO49"
            ]
        },
        "LEO59": {
            "load": 43.95503560828348,
            "switches": [
                "LEO52",
                "LEO55",
                "LEO56",
                "LEO57",
                "LEO58",
                "LEO59"
            ]
        },
        "LEO61": {
            "load": 67.48648617602736,
            "switches": [
                "LEO61",
                "LEO62",
                "LEO65",
                "LEO66",
                "LEO67",
                "LEO68",
                "LEO69"
            ]
        },
        "LEO79": {
            "load": 50.46878393012566,
            "switches": [
                "LEO71",
                "LEO72",
                "LEO73",
                "LEO74",
                "LEO75",
                "LEO76",
                "LEO77",
                "LEO78",
                "LEO79",
                "LEO64",
                "LEO54"
            ]
        },
        "LEO81": {
            "load": 15.790140645122518,
            "switches": [
                "LEO81",
                "LEO82",
                "LEO83",
                "LEO84",
                "LEO85",
                "LEO86",
                "LEO87",
                "LEO88",
                "LEO89"
            ]
        }
    },
    "args": {
        "MCS": "3",
        "MSSLS": "24"
    }
}