{
    "sum_con_loads": 311.3,
    "max_con_load": 65.85,
    "avg_setup_time": 193.3,
    "assign": {
        "LEO41": {
            "load": 65.85203555303576,
            "switches": [
                "LEO11",
                "LEO12",
                "LEO19",
                "LEO21",
                "LEO22",
                "LEO29",
                "LEO31",
                "LEO39",
                "LEO41",
                "LEO51"
            ]
        },
        "LEO33": {
            "load": 53.144088966122425,
            "switches": [
                "LEO13",
                "LEO23",
                "LEO32",
                "LEO33",
                "LEO34"
            ]
        },
        "LEO14": {
            "load": 26.925015230074575,
            "switches": [
                "LEO14",
                "LEO15",
                "LEO24",
                "LEO25"
            ]
        },
        "LEO47": {
            "load": 29.020994572812768,
            "switches": [
                "LEO16",
                "LEO17",
                "LEO18",
                "LEO26",
                "LEO27",
                "LEO28",
                "LEO35",
                "LEO36",
                "LEO37",
                "LEO38",
                "LEO46",
                "LEO47",
                "LEO48",
                "LEO57",
                "LEO58",
                "LEO66",
                "LEO67",
                "LEO68",
                "LEO77",
                "LEO78",
                "LEO86",
                "LEO87",
                "LEO88"
            ]
        },
        "LEO62": {
            "load": 40.893589888936546,
            "switches": [
                "LEO42",
                "LEO43",
                "LEO52",
                "LEO53",
                "LEO62",
                "LEO63",
                "LEO72",
                "LEO82"
            ]
        },
        "LEO73": {
            "load": 25.097107979747122,
            "switches": [
                "LEO44",
                "LEO45",
                "LEO54",
                "LEO55",
                "LEO56",
                "LEO64",
                "LEO65",
                "LEO73",
                "LEO74",
                "LEO75",
                "LEO76",
                "LEO83",
                "LEO84",
                "LEO85"
            ]
        },
        "LEO59": {
            "load": 30.302231163927196,
            "switches": [
                "LEO49",
                "LEO59"
            ]
        },
        "LEO61": {
            "load": 40.06345754177249,
            "switches": [
                "LEO61",
                "LEO69",
                "LEO71",
                "LEO79",
                "LEO81",
                "LEO89"
            ]
        }
    },
    "args": {
        "part": "8",
        "ufactor": "300",
        "contig": true
    }
}