{
    "sum_con_loads": 270.24,
    "max_con_load": 65.33,
    "avg_setup_time": 198.42,
    "assign": {
        "LEO32": {
            "load": 52.53075738769317,
            "switches": [
                "LEO11",
                "LEO18",
                "LEO19",
                "LEO21",
                "LEO22",
                "LEO31",
                "LEO32",
                "LEO41",
                "LEO42",
                "LEO51",
                "LEO52"
            ]
        },
        "LEO13": {
            "load": 28.626223942569663,
            "switches": [
                "LEO12",
                "LEO13",
                "LEO14",
                "LEO15"
            ]
        },
        "LEO39": {
            "load": 24.525838564701672,
            "switches": [
                "LEO16",
                "LEO17",
                "LEO27",
                "LEO28",
                "LEO29",
                "LEO37",
                "LEO38",
                "LEO39"
            ]
        },
        "LEO23": {
            "load": 14.939305927127227,
            "switches": [
                "LEO23",
                "LEO24"
            ]
        },
        "LEO35": {
            "load": 19.831213326039656,
            "switches": [
                "LEO25",
                "LEO26",
                "LEO33",
                "LEO34",
                "LEO35",
                "LEO36",
                "LEO43",
                "LEO44",
                "LEO45",
                "LEO46",
                "LEO53",
                "LEO54",
                "LEO55",
                "LEO63",
                "LEO64",
                "LEO65"
            ]
        },
        "LEO59": {
            "load": 65.33009887176246,
            "switches": [
                "LEO47",
                "LEO48",
                "LEO49",
                "LEO56",
                "LEO57",
                "LEO58",
                "LEO59",
                "LEO66",
                "LEO67",
                "LEO68",
                "LEO69",
                "LEO87",
                "LEO88",
                "LEO89"
            ]
        },
        "LEO72": {
            "load": 47.790452587686644,
            "switches": [
                "LEO61",
                "LEO62",
                "LEO71",
                "LEO72",
                "LEO73",
                "LEO74",
                "LEO81",
                "LEO82",
                "LEO83",
                "LEO84",
                "LEO85",
                "LEO86"
            ]
        },
        "LEO79": {
            "load": 16.663243338226657,
            "switches": [
                "LEO75",
                "LEO76",
                "LEO77",
                "LEO78",
                "LEO79"
            ]
        }
    },
    "args": {
        "part": "8",
        "ufactor": "1500",
        "match_order": "Wei",
        "match_scheme": "WeiLoad",
        "contig": true
    }
}