{
    "sum_con_loads": 280.9,
    "max_con_load": 55.9,
    "avg_setup_time": 190.36,
    "assign": {
        "LEO39": {
            "load": 37.68074349354529,
            "switches": [
                "LEO11",
                "LEO17",
                "LEO18",
                "LEO19",
                "LEO27",
                "LEO28",
                "LEO29",
                "LEO31",
                "LEO37",
                "LEO38",
                "LEO39"
            ]
        },
        "LEO32": {
            "load": 55.89594866770615,
            "switches": [
                "LEO12",
                "LEO21",
                "LEO22",
                "LEO23",
                "LEO32",
                "LEO33"
            ]
        },
        "LEO13": {
            "load": 20.740044644318473,
            "switches": [
                "LEO13",
                "LEO14",
                "LEO15",
                "LEO16",
                "LEO26",
                "LEO36"
            ]
        },
        "LEO34": {
            "load": 11.029017425793333,
            "switches": [
                "LEO24",
                "LEO25",
                "LEO34",
                "LEO35",
                "LEO44",
                "LEO45",
                "LEO55"
            ]
        },
        "LEO59": {
            "load": 49.343046609365516,
            "switches": [
                "LEO41",
                "LEO49",
                "LEO58",
                "LEO59"
            ]
        },
        "LEO61": {
            "load": 49.004062620926135,
            "switches": [
                "LEO42",
                "LEO43",
                "LEO51",
                "LEO52",
                "LEO53",
                "LEO54",
                "LEO61",
                "LEO62",
                "LEO63",
                "LEO64",
                "LEO71",
                "LEO72",
                "LEO73",
                "LEO74",
                "LEO81",
                "LEO82",
                "LEO83",
                "LEO84"
            ]
        },
        "LEO57": {
            "load": 24.59580665273535,
            "switches": [
                "LEO46",
                "LEO47",
                "LEO48",
                "LEO56",
                "LEO57",
                "LEO65",
                "LEO66",
                "LEO67",
                "LEO75",
                "LEO76",
                "LEO77",
                "LEO85",
                "LEO86",
                "LEO87"
            ]
        },
        "LEO69": {
            "load": 32.61565351541096,
            "switches": [
                "LEO68",
                "LEO69",
                "LEO78",
                "LEO79",
                "LEO88",
                "LEO89"
            ]
        }
    },
    "args": {
        "part": "8",
        "ufactor": "1000",
        "contig": true
    }
}