{
    "sum_con_loads": 259.7,
    "max_con_load": 56.29,
    "avg_setup_time": 184.37,
    "assign": {
        "LEO31": {
            "load": 45.989823617397846,
            "switches": [
                "LEO11",
                "LEO19",
                "LEO21",
                "LEO29",
                "LEO31",
                "LEO39",
                "LEO41",
                "LEO49"
            ]
        },
        "LEO32": {
            "load": 41.84369856263977,
            "switches": [
                "LEO12",
                "LEO13",
                "LEO22",
                "LEO23",
                "LEO32",
                "LEO33"
            ]
        },
        "LEO14": {
            "load": 18.47089373655938,
            "switches": [
                "LEO14",
                "LEO15",
                "LEO16",
                "LEO24",
                "LEO25",
                "LEO34",
                "LEO35",
                "LEO45"
            ]
        },
        "LEO38": {
            "load": 14.218881185553705,
            "switches": [
                "LEO17",
                "LEO18",
                "LEO26",
                "LEO27",
                "LEO28",
                "LEO36",
                "LEO37",
                "LEO38",
                "LEO46",
                "LEO47",
                "LEO48"
            ]
        },
        "LEO62": {
            "load": 56.28978666236066,
            "switches": [
                "LEO42",
                "LEO52",
                "LEO61",
                "LEO62",
                "LEO71",
                "LEO72",
                "LEO82"
            ]
        },
        "LEO73": {
            "load": 15.763772469735647,
            "switches": [
                "LEO43",
                "LEO44",
                "LEO53",
                "LEO54",
                "LEO63",
                "LEO64",
                "LEO73",
                "LEO74",
                "LEO83",
                "LEO84"
            ]
        },
        "LEO59": {
            "load": 38.05309475130788,
            "switches": [
                "LEO51",
                "LEO58",
                "LEO59",
                "LEO68",
                "LEO69"
            ]
        },
        "LEO79": {
            "load": 29.068903309487165,
            "switches": [
                "LEO55",
                "LEO56",
                "LEO57",
                "LEO65",
                "LEO66",
                "LEO67",
                "LEO75",
                "LEO76",
                "LEO77",
                "LEO78",
                "LEO79",
                "LEO81",
                "LEO85",
                "LEO86",
                "LEO87",
                "LEO88",
                "LEO89"
            ]
        }
    },
    "args": {
        "part": "8",
        "ufactor": "1000",
        "contig": true
    }
}