{
    "sum_con_loads": 313.43,
    "max_con_load": 72.01,
    "avg_setup_time": 202.53,
    "assign": {
        "LEO22": {
            "load": 26.588170289145857,
            "switches": [
                "LEO11",
                "LEO12",
                "LEO19",
                "LEO21",
                "LEO22",
                "LEO23",
                "LEO31"
            ]
        },
        "LEO34": {
            "load": 56.914824883290144,
            "switches": [
                "LEO13",
                "LEO14",
                "LEO24",
                "LEO33",
                "LEO34",
                "LEO35",
                "LEO36"
            ]
        },
        "LEO15": {
            "load": 25.12496022127628,
            "switches": [
                "LEO15",
                "LEO16",
                "LEO17",
                "LEO18",
                "LEO25",
                "LEO26",
                "LEO27",
                "LEO28"
            ]
        },
        "LEO59": {
            "load": 25.705762746787176,
            "switches": [
                "LEO29",
                "LEO37",
                "LEO38",
                "LEO39",
                "LEO47",
                "LEO48",
                "LEO49",
                "LEO57",
                "LEO58",
                "LEO59",
                "LEO68",
                "LEO69",
                "LEO78",
                "LEO79",
                "LEO87",
                "LEO88",
                "LEO89"
            ]
        },
        "LEO42": {
            "load": 72.01098906931205,
            "switches": [
                "LEO32",
                "LEO41",
                "LEO42",
                "LEO51",
                "LEO52"
            ]
        },
        "LEO63": {
            "load": 38.15902728162726,
            "switches": [
                "LEO43",
                "LEO44",
                "LEO53",
                "LEO54",
                "LEO63",
                "LEO64",
                "LEO73"
            ]
        },
        "LEO74": {
            "load": 28.963418213200363,
            "switches": [
                "LEO45",
                "LEO46",
                "LEO55",
                "LEO56",
                "LEO65",
                "LEO66",
                "LEO67",
                "LEO74",
                "LEO75",
                "LEO76",
                "LEO77",
                "LEO81",
                "LEO82",
                "LEO83",
                "LEO84",
                "LEO85",
                "LEO86"
            ]
        },
        "LEO62": {
            "load": 39.962776873464655,
            "switches": [
                "LEO61",
                "LEO62",
                "LEO71",
                "LEO72"
            ]
        }
    },
    "args": {
        "part": "8",
        "ufactor": "500",
        "contig": true,
        "minconn": false
    }
}