{
    "sum_con_loads": 283.21,
    "max_con_load": 65.78,
    "avg_setup_time": 184.25,
    "assign": {
        "LEO22": {
            "load": 26.906156775438763,
            "switches": [
                "LEO11",
                "LEO12",
                "LEO21",
                "LEO22"
            ]
        },
        "LEO33": {
            "load": 63.9989403200866,
            "switches": [
                "LEO13",
                "LEO14",
                "LEO15",
                "LEO16",
                "LEO23",
                "LEO24",
                "LEO33",
                "LEO34",
                "LEO43",
                "LEO44",
                "LEO53",
                "LEO54"
            ]
        },
        "LEO49": {
            "load": 21.20567992032282,
            "switches": [
                "LEO17",
                "LEO18",
                "LEO19",
                "LEO27",
                "LEO28",
                "LEO29",
                "LEO37",
                "LEO38",
                "LEO39",
                "LEO48",
                "LEO49",
                "LEO58",
                "LEO59",
                "LEO68",
                "LEO69"
            ]
        },
        "LEO35": {
            "load": 21.965878754169612,
            "switches": [
                "LEO25",
                "LEO26",
                "LEO35",
                "LEO36",
                "LEO45",
                "LEO46",
                "LEO47"
            ]
        },
        "LEO52": {
            "load": 65.78229104713503,
            "switches": [
                "LEO31",
                "LEO32",
                "LEO41",
                "LEO42",
                "LEO51",
                "LEO52",
                "LEO61",
                "LEO62"
            ]
        },
        "LEO75": {
            "load": 20.65717210668805,
            "switches": [
                "LEO55",
                "LEO56",
                "LEO57",
                "LEO65",
                "LEO66",
                "LEO67",
                "LEO75",
                "LEO76",
                "LEO77",
                "LEO78",
                "LEO84",
                "LEO85",
                "LEO86",
                "LEO87",
                "LEO88"
            ]
        },
        "LEO63": {
            "load": 41.502846341464355,
            "switches": [
                "LEO63",
                "LEO64",
                "LEO73",
                "LEO74",
                "LEO82",
                "LEO83"
            ]
        },
        "LEO71": {
            "load": 21.192838493003713,
            "switches": [
                "LEO71",
                "LEO72",
                "LEO79",
                "LEO81",
                "LEO89"
            ]
        }
    },
    "args": {
        "part": "8",
        "ufactor": "800",
        "contig": false
    }
}