{
    "sum_con_loads": 283.15,
    "max_con_load": 61.51,
    "avg_setup_time": 189.12,
    "assign": {
        "LEO21": {
            "load": 30.648326314489122,
            "switches": [
                "LEO11",
                "LEO18",
                "LEO19",
                "LEO21",
                "LEO28",
                "LEO29",
                "LEO31"
            ]
        },
        "LEO13": {
            "load": 25.587496621467608,
            "switches": [
                "LEO12",
                "LEO13",
                "LEO14",
                "LEO24"
            ]
        },
        "LEO49": {
            "load": 29.37453708447661,
            "switches": [
                "LEO15",
                "LEO16",
                "LEO17",
                "LEO25",
                "LEO26",
                "LEO27",
                "LEO35",
                "LEO36",
                "LEO37",
                "LEO38",
                "LEO39",
                "LEO45",
                "LEO46",
                "LEO47",
                "LEO48",
                "LEO49",
                "LEO55",
                "LEO56",
                "LEO57"
            ]
        },
        "LEO32": {
            "load": 61.507829113952766,
            "switches": [
                "LEO22",
                "LEO23",
                "LEO32",
                "LEO33",
                "LEO34",
                "LEO42",
                "LEO43",
                "LEO44",
                "LEO52",
                "LEO53",
                "LEO54"
            ]
        },
        "LEO51": {
            "load": 48.997936902536,
            "switches": [
                "LEO41",
                "LEO51",
                "LEO58",
                "LEO59",
                "LEO61",
                "LEO69"
            ]
        },
        "LEO62": {
            "load": 43.69294741412331,
            "switches": [
                "LEO62",
                "LEO71",
                "LEO72",
                "LEO81",
                "LEO82",
                "LEO83",
                "LEO84",
                "LEO85"
            ]
        },
        "LEO63": {
            "load": 20.13770121993383,
            "switches": [
                "LEO63",
                "LEO64",
                "LEO65",
                "LEO73",
                "LEO74",
                "LEO75",
                "LEO76",
                "LEO86"
            ]
        },
        "LEO79": {
            "load": 23.20005045339751,
            "switches": [
                "LEO66",
                "LEO67",
                "LEO68",
                "LEO77",
                "LEO78",
                "LEO79",
                "LEO87",
                "LEO88",
                "LEO89"
            ]
        }
    },
    "args": {
        "part": "8",
        "ufactor": "600",
        "contig": true
    }
}