{
    "sum_con_loads": 275.35,
    "max_con_load": 53.18,
    "avg_setup_time": 184.77,
    "assign": {
        "LEO21": {
            "load": 11.948662353702234,
            "switches": [
                "LEO11",
                "LEO12",
                "LEO18",
                "LEO19",
                "LEO21",
                "LEO22",
                "LEO28",
                "LEO29"
            ]
        },
        "LEO33": {
            "load": 53.17570118069646,
            "switches": [
                "LEO13",
                "LEO23",
                "LEO32",
                "LEO33",
                "LEO34",
                "LEO42",
                "LEO43",
                "LEO44"
            ]
        },
        "LEO14": {
            "load": 19.7034477032321,
            "switches": [
                "LEO14",
                "LEO15",
                "LEO16",
                "LEO17"
            ]
        },
        "LEO24": {
            "load": 24.384067542988664,
            "switches": [
                "LEO24",
                "LEO25",
                "LEO26",
                "LEO35",
                "LEO36",
                "LEO45",
                "LEO46",
                "LEO56"
            ]
        },
        "LEO59": {
            "load": 28.54775896815937,
            "switches": [
                "LEO27",
                "LEO37",
                "LEO38",
                "LEO47",
                "LEO48",
                "LEO57",
                "LEO58",
                "LEO59"
            ]
        },
        "LEO41": {
            "load": 50.7251237462036,
            "switches": [
                "LEO31",
                "LEO39",
                "LEO41",
                "LEO49",
                "LEO51"
            ]
        },
        "LEO62": {
            "load": 50.61594254300615,
            "switches": [
                "LEO52",
                "LEO53",
                "LEO54",
                "LEO55",
                "LEO62",
                "LEO63",
                "LEO64",
                "LEO65",
                "LEO72",
                "LEO73",
                "LEO74",
                "LEO75",
                "LEO82",
                "LEO83",
                "LEO84",
                "LEO85",
                "LEO86"
            ]
        },
        "LEO61": {
            "load": 36.25021342188281,
            "switches": [
                "LEO61",
                "LEO66",
                "LEO67",
                "LEO68",
                "LEO69",
                "LEO71",
                "LEO76",
                "LEO77",
                "LEO78",
                "LEO79",
                "LEO81",
                "LEO87",
                "LEO88",
                "LEO89"
            ]
        }
    },
    "args": {
        "part": "8",
        "ufactor": "900",
        "contig": true,
        "minconn": false
    }
}