{
    "sum_con_loads": 311.07,
    "max_con_load": 55.23,
    "avg_setup_time": 194.85,
    "assign": {
        "LEO41": {
            "load": 47.55626913348508,
            "switches": [
                "LEO11",
                "LEO12",
                "LEO19",
                "LEO21",
                "LEO29",
                "LEO31",
                "LEO32",
                "LEO39",
                "LEO41",
                "LEO49"
            ]
        },
        "LEO23": {
            "load": 55.229393217943304,
            "switches": [
                "LEO13",
                "LEO14",
                "LEO22",
                "LEO23",
                "LEO33",
                "LEO43",
                "LEO53"
            ]
        },
        "LEO35": {
            "load": 38.48539381195896,
            "switches": [
                "LEO15",
                "LEO16",
                "LEO17",
                "LEO18",
                "LEO24",
                "LEO25",
                "LEO26",
                "LEO27",
                "LEO28",
                "LEO34",
                "LEO35",
                "LEO36",
                "LEO37",
                "LEO38",
                "LEO44",
                "LEO45",
                "LEO46",
                "LEO47",
                "LEO48",
                "LEO54",
                "LEO55",
                "LEO56",
                "LEO57",
                "LEO65",
                "LEO66",
                "LEO67",
                "LEO68"
            ]
        },
        "LEO62": {
            "load": 51.60766473650027,
            "switches": [
                "LEO42",
                "LEO52",
                "LEO62",
                "LEO72",
                "LEO82",
                "LEO83"
            ]
        },
        "LEO51": {
            "load": 34.198999174380994,
            "switches": [
                "LEO51",
                "LEO58",
                "LEO59"
            ]
        },
        "LEO61": {
            "load": 40.533904315672004,
            "switches": [
                "LEO61",
                "LEO69",
                "LEO71",
                "LEO81"
            ]
        },
        "LEO73": {
            "load": 23.879517440467858,
            "switches": [
                "LEO63",
                "LEO64",
                "LEO73",
                "LEO74",
                "LEO75",
                "LEO76",
                "LEO84",
                "LEO85"
            ]
        },
        "LEO79": {
            "load": 19.57990598495555,
            "switches": [
                "LEO77",
                "LEO78",
                "LEO79",
                "LEO86",
                "LEO87",
                "LEO88",
                "LEO89"
            ]
        }
    },
    "args": {
        "part": "8",
        "ufactor": "600",
        "contig": false
    }
}