{
    "sum_con_loads": 299.01,
    "max_con_load": 61.77,
    "avg_setup_time": 193.97,
    "assign": {
        "LEO41": {
            "load": 46.64788509453131,
            "switches": [
                "LEO11",
                "LEO17",
                "LEO18",
                "LEO19",
                "LEO21",
                "LEO27",
                "LEO28",
                "LEO29",
                "LEO37",
                "LEO38",
                "LEO39",
                "LEO41",
                "LEO47",
                "LEO48",
                "LEO49",
                "LEO57",
                "LEO58",
                "LEO59",
                "LEO67",
                "LEO68",
                "LEO69",
                "LEO31",
                "LEO51"
            ]
        },
        "LEO22": {
            "load": 15.800579719431923,
            "switches": [
                "LEO12",
                "LEO13",
                "LEO22"
            ]
        },
        "LEO34": {
            "load": 53.011809651924295,
            "switches": [
                "LEO14",
                "LEO15",
                "LEO23",
                "LEO24",
                "LEO34"
            ]
        },
        "LEO25": {
            "load": 15.128017429768084,
            "switches": [
                "LEO16",
                "LEO25",
                "LEO26"
            ]
        },
        "LEO42": {
            "load": 61.77256366994315,
            "switches": [
                "LEO32",
                "LEO42",
                "LEO52",
                "LEO33"
            ]
        },
        "LEO35": {
            "load": 17.332246494287094,
            "switches": [
                "LEO35",
                "LEO36"
            ]
        },
        "LEO63": {
            "load": 45.826804961183235,
            "switches": [
                "LEO43",
                "LEO44",
                "LEO45",
                "LEO46",
                "LEO53",
                "LEO54",
                "LEO55",
                "LEO56",
                "LEO63",
                "LEO64",
                "LEO65",
                "LEO66",
                "LEO73",
                "LEO74",
                "LEO75",
                "LEO76",
                "LEO83",
                "LEO84",
                "LEO85",
                "LEO86",
                "LEO87"
            ]
        },
        "LEO62": {
            "load": 43.48924577912791,
            "switches": [
                "LEO71",
                "LEO72",
                "LEO77",
                "LEO78",
                "LEO79",
                "LEO81",
                "LEO82",
                "LEO88",
                "LEO89",
                "LEO62",
                "LEO61"
            ]
        }
    },
    "args": {
        "MCS": "4",
        "MSSLS": "27"
    }
}