{
    "sum_con_loads": 329.9,
    "max_con_load": 65.34,
    "avg_setup_time": 216.6,
    "assign": {
        "LEO14": {
            "load": 17.678171002128305,
            "switches": [
                "LEO11",
                "LEO13",
                "LEO14",
                "LEO15",
                "LEO16",
                "LEO17",
                "LEO18",
                "LEO19"
            ]
        },
        "LEO33": {
            "load": 57.934014484918116,
            "switches": [
                "LEO23",
                "LEO24",
                "LEO25",
                "LEO26",
                "LEO27",
                "LEO28",
                "LEO29",
                "LEO43",
                "LEO33"
            ]
        },
        "LEO32": {
            "load": 63.554018112275685,
            "switches": [
                "LEO31",
                "LEO32",
                "LEO34",
                "LEO35",
                "LEO36",
                "LEO37",
                "LEO38",
                "LEO39",
                "LEO21",
                "LEO22",
                "LEO12",
                "LEO54",
                "LEO44",
                "LEO45",
                "LEO46",
                "LEO56",
                "LEO66"
            ]
        },
        "LEO52": {
            "load": 65.33656555755816,
            "switches": [
                "LEO41",
                "LEO47",
                "LEO48",
                "LEO49",
                "LEO51",
                "LEO59",
                "LEO52",
                "LEO42",
                "LEO62"
            ]
        },
        "LEO61": {
            "load": 37.498446114559506,
            "switches": [
                "LEO55",
                "LEO57",
                "LEO58",
                "LEO61",
                "LEO71",
                "LEO79"
            ]
        },
        "LEO63": {
            "load": 50.45263602033531,
            "switches": [
                "LEO63",
                "LEO64",
                "LEO65",
                "LEO67",
                "LEO68",
                "LEO69",
                "LEO53",
                "LEO73"
            ]
        },
        "LEO75": {
            "load": 19.7697861322514,
            "switches": [
                "LEO72",
                "LEO74",
                "LEO75",
                "LEO76",
                "LEO77",
                "LEO78"
            ]
        },
        "LEO83": {
            "load": 17.675509481196595,
            "switches": [
                "LEO81",
                "LEO82",
                "LEO83",
                "LEO84",
                "LEO85",
                "LEO86",
                "LEO87",
                "LEO88",
                "LEO89"
            ]
        }
    },
    "args": {
        "MCS": "3",
        "MSSLS": "24"
    }
}