{
    "sum_con_loads": 271.34,
    "max_con_load": 60.07,
    "avg_setup_time": 192.26,
    "assign": {
        "LEO31": {
            "load": 60.07277577942072,
            "switches": [
                "LEO11",
                "LEO12",
                "LEO21",
                "LEO22",
                "LEO31",
                "LEO32",
                "LEO41",
                "LEO42",
                "LEO51"
            ]
        },
        "LEO23": {
            "load": 19.43040641037726,
            "switches": [
                "LEO13",
                "LEO14",
                "LEO15",
                "LEO23",
                "LEO24",
                "LEO33",
                "LEO34",
                "LEO43",
                "LEO44"
            ]
        },
        "LEO38": {
            "load": 48.983158400169465,
            "switches": [
                "LEO16",
                "LEO17",
                "LEO18",
                "LEO19",
                "LEO25",
                "LEO26",
                "LEO27",
                "LEO28",
                "LEO29",
                "LEO38",
                "LEO39",
                "LEO48",
                "LEO49"
            ]
        },
        "LEO37": {
            "load": 17.638154345227996,
            "switches": [
                "LEO35",
                "LEO36",
                "LEO37"
            ]
        },
        "LEO56": {
            "load": 20.558515859656218,
            "switches": [
                "LEO45",
                "LEO46",
                "LEO47",
                "LEO55",
                "LEO56",
                "LEO65",
                "LEO66",
                "LEO75",
                "LEO76",
                "LEO77",
                "LEO84",
                "LEO85",
                "LEO86",
                "LEO87"
            ]
        },
        "LEO61": {
            "load": 38.86850649417741,
            "switches": [
                "LEO52",
                "LEO53",
                "LEO54",
                "LEO61",
                "LEO62",
                "LEO63",
                "LEO64",
                "LEO69",
                "LEO71",
                "LEO72",
                "LEO73",
                "LEO74",
                "LEO82",
                "LEO83"
            ]
        },
        "LEO68": {
            "load": 50.045323411729996,
            "switches": [
                "LEO57",
                "LEO58",
                "LEO59",
                "LEO67",
                "LEO68",
                "LEO78",
                "LEO79",
                "LEO88"
            ]
        },
        "LEO81": {
            "load": 15.741762681383705,
            "switches": [
                "LEO81",
                "LEO89"
            ]
        }
    },
    "args": {
        "part": "8",
        "ufactor": "800",
        "contig": true
    }
}