{
    "sum_con_loads": 365.66,
    "max_con_load": 56.0,
    "avg_setup_time": 236.4,
    "assign": {
        "LEO12": {
            "load": 17.64463877736273,
            "switches": [
                "LEO11",
                "LEO12",
                "LEO13",
                "LEO14",
                "LEO15",
                "LEO16",
                "LEO17",
                "LEO18"
            ]
        },
        "LEO22": {
            "load": 41.25751495135392,
            "switches": [
                "LEO21",
                "LEO22",
                "LEO23",
                "LEO24",
                "LEO25",
                "LEO26",
                "LEO27",
                "LEO28"
            ]
        },
        "LEO31": {
            "load": 49.15838780971719,
            "switches": [
                "LEO31",
                "LEO32",
                "LEO33"
            ]
        },
        "LEO39": {
            "load": 53.859618429361674,
            "switches": [
                "LEO42",
                "LEO43",
                "LEO45",
                "LEO47",
                "LEO48",
                "LEO49",
                "LEO37",
                "LEO38",
                "LEO39",
                "LEO29",
                "LEO19"
            ]
        },
        "LEO59": {
            "load": 48.30127668718175,
            "switches": [
                "LEO52",
                "LEO53",
                "LEO54",
                "LEO55",
                "LEO56",
                "LEO57",
                "LEO58",
                "LEO59",
                "LEO34",
                "LEO35",
                "LEO44",
                "LEO36",
                "LEO46"
            ]
        },
        "LEO69": {
            "load": 47.13045648482173,
            "switches": [
                "LEO62",
                "LEO63",
                "LEO64",
                "LEO65",
                "LEO67",
                "LEO68",
                "LEO69",
                "LEO72",
                "LEO73",
                "LEO74"
            ]
        },
        "LEO71": {
            "load": 56.000803657012426,
            "switches": [
                "LEO71",
                "LEO75",
                "LEO76",
                "LEO77",
                "LEO78",
                "LEO79",
                "LEO61",
                "LEO81",
                "LEO66"
            ]
        },
        "LEO51": {
            "load": 52.306128642093555,
            "switches": [
                "LEO82",
                "LEO83",
                "LEO84",
                "LEO85",
                "LEO86",
                "LEO87",
                "LEO88",
                "LEO89",
                "LEO51",
                "LEO41"
            ]
        }
    },
    "args": {
        "MCS": "3",
        "MSSLS": "24"
    }
}