{
    "sum_con_loads": 311.64,
    "max_con_load": 51.9,
    "avg_setup_time": 236.06,
    "assign": {
        "LEO42": {
            "load": 50.76584374020524,
            "switches": [
                "LEO16",
                "LEO17",
                "LEO18",
                "LEO19",
                "LEO32",
                "LEO42",
                "LEO52",
                "LEO33",
                "LEO34",
                "LEO43",
                "LEO61",
                "LEO62",
                "LEO72"
            ]
        },
        "LEO22": {
            "load": 51.90260876263101,
            "switches": [
                "LEO22",
                "LEO23",
                "LEO24",
                "LEO26",
                "LEO27",
                "LEO28",
                "LEO29",
                "LEO12",
                "LEO13",
                "LEO14",
                "LEO15"
            ]
        },
        "LEO39": {
            "load": 47.08659219773601,
            "switches": [
                "LEO31",
                "LEO35",
                "LEO36",
                "LEO37",
                "LEO38",
                "LEO39",
                "LEO11",
                "LEO21",
                "LEO25"
            ]
        },
        "LEO49": {
            "load": 39.019274848348104,
            "switches": [
                "LEO41",
                "LEO44",
                "LEO45",
                "LEO46",
                "LEO47",
                "LEO48",
                "LEO49"
            ]
        },
        "LEO59": {
            "load": 42.7799242490954,
            "switches": [
                "LEO51",
                "LEO53",
                "LEO54",
                "LEO55",
                "LEO56",
                "LEO57",
                "LEO58",
                "LEO59"
            ]
        },
        "LEO69": {
            "load": 36.05423421894408,
            "switches": [
                "LEO63",
                "LEO64",
                "LEO65",
                "LEO66",
                "LEO67",
                "LEO68",
                "LEO69"
            ]
        },
        "LEO79": {
            "load": 28.29756121355068,
            "switches": [
                "LEO71",
                "LEO73",
                "LEO74",
                "LEO75",
                "LEO76",
                "LEO77",
                "LEO78",
                "LEO79"
            ]
        },
        "LEO82": {
            "load": 15.73497166430412,
            "switches": [
                "LEO81",
                "LEO82",
                "LEO83",
                "LEO84",
                "LEO85",
                "LEO86",
                "LEO87",
                "LEO88",
                "LEO89"
            ]
        }
    },
    "args": {
        "MCS": "3",
        "MSSLS": "24"
    }
}