{
    "sum_con_loads": 299.04,
    "max_con_load": 49.89,
    "avg_setup_time": 219.91,
    "assign": {
        "LEO13": {
            "load": 25.548390239378254,
            "switches": [
                "LEO11",
                "LEO13",
                "LEO14",
                "LEO15",
                "LEO16",
                "LEO17",
                "LEO18",
                "LEO19"
            ]
        },
        "LEO23": {
            "load": 40.19043033343748,
            "switches": [
                "LEO23",
                "LEO24",
                "LEO25",
                "LEO26",
                "LEO27",
                "LEO28",
                "LEO29"
            ]
        },
        "LEO32": {
            "load": 49.64876706464661,
            "switches": [
                "LEO31",
                "LEO32",
                "LEO35",
                "LEO36",
                "LEO37",
                "LEO38",
                "LEO39",
                "LEO21",
                "LEO22",
                "LEO12"
            ]
        },
        "LEO41": {
            "load": 35.52083932741863,
            "switches": [
                "LEO41",
                "LEO42",
                "LEO44",
                "LEO45",
                "LEO46",
                "LEO47",
                "LEO48",
                "LEO49"
            ]
        },
        "LEO51": {
            "load": 32.63985343975755,
            "switches": [
                "LEO51",
                "LEO52",
                "LEO54",
                "LEO55",
                "LEO56",
                "LEO57",
                "LEO58",
                "LEO59"
            ]
        },
        "LEO61": {
            "load": 30.274974958803035,
            "switches": [
                "LEO61",
                "LEO62",
                "LEO64",
                "LEO65",
                "LEO66",
                "LEO67",
                "LEO68",
                "LEO69"
            ]
        },
        "LEO73": {
            "load": 35.33051785188596,
            "switches": [
                "LEO71",
                "LEO72",
                "LEO73",
                "LEO74",
                "LEO75",
                "LEO76",
                "LEO77",
                "LEO78",
                "LEO79",
                "LEO81",
                "LEO82",
                "LEO83"
            ]
        },
        "LEO43": {
            "load": 49.88534767319193,
            "switches": [
                "LEO84",
                "LEO85",
                "LEO86",
                "LEO87",
                "LEO88",
                "LEO89",
                "LEO33",
                "LEO43",
                "LEO53",
                "LEO63",
                "LEO34"
            ]
        }
    },
    "args": {
        "MCS": "3",
        "MSSLS": "24"
    }
}