{
    "sum_con_loads": 355.56,
    "max_con_load": 66.59,
    "avg_setup_time": 223.93,
    "assign": {
        "LEO12": {
            "load": 21.376014444362877,
            "switches": [
                "LEO11",
                "LEO12",
                "LEO13",
                "LEO14",
                "LEO15",
                "LEO16",
                "LEO17",
                "LEO18",
                "LEO19"
            ]
        },
        "LEO21": {
            "load": 66.59422722139291,
            "switches": [
                "LEO21",
                "LEO22",
                "LEO27",
                "LEO28",
                "LEO29",
                "LEO31",
                "LEO41"
            ]
        },
        "LEO32": {
            "load": 49.44595364075743,
            "switches": [
                "LEO32",
                "LEO33",
                "LEO34",
                "LEO35",
                "LEO36",
                "LEO37",
                "LEO38",
                "LEO39",
                "LEO64",
                "LEO54",
                "LEO44",
                "LEO23",
                "LEO24",
                "LEO25",
                "LEO26"
            ]
        },
        "LEO49": {
            "load": 46.37648106560354,
            "switches": [
                "LEO42",
                "LEO45",
                "LEO47",
                "LEO48",
                "LEO49"
            ]
        },
        "LEO59": {
            "load": 46.79815957309992,
            "switches": [
                "LEO52",
                "LEO55",
                "LEO57",
                "LEO58",
                "LEO59",
                "LEO67"
            ]
        },
        "LEO61": {
            "load": 62.049132453726855,
            "switches": [
                "LEO61",
                "LEO62",
                "LEO69",
                "LEO51",
                "LEO71"
            ]
        },
        "LEO78": {
            "load": 45.27677509979337,
            "switches": [
                "LEO72",
                "LEO73",
                "LEO74",
                "LEO75",
                "LEO76",
                "LEO77",
                "LEO78",
                "LEO79",
                "LEO63",
                "LEO53",
                "LEO43",
                "LEO65",
                "LEO66",
                "LEO56",
                "LEO46",
                "LEO68"
            ]
        },
        "LEO81": {
            "load": 17.641732873704008,
            "switches": [
                "LEO81",
                "LEO82",
                "LEO83",
                "LEO84",
                "LEO85",
                "LEO86",
                "LEO87",
                "LEO88",
                "LEO89"
            ]
        }
    },
    "args": {
        "MCS": "3",
        "MSSLS": "24"
    }
}