{
    "sum_con_loads": 298.15,
    "max_con_load": 61.51,
    "avg_setup_time": 192.39,
    "assign": {
        "LEO41": {
            "load": 38.22779690668186,
            "switches": [
                "LEO11",
                "LEO12",
                "LEO18",
                "LEO19",
                "LEO21",
                "LEO28",
                "LEO31",
                "LEO41",
                "LEO49"
            ]
        },
        "LEO32": {
            "load": 61.50523300516528,
            "switches": [
                "LEO13",
                "LEO22",
                "LEO23",
                "LEO32",
                "LEO33",
                "LEO42",
                "LEO43",
                "LEO52",
                "LEO53"
            ]
        },
        "LEO24": {
            "load": 32.181774300324335,
            "switches": [
                "LEO14",
                "LEO24",
                "LEO25",
                "LEO34",
                "LEO35",
                "LEO44",
                "LEO46",
                "LEO66"
            ]
        },
        "LEO37": {
            "load": 23.2831922058986,
            "switches": [
                "LEO15",
                "LEO16",
                "LEO17",
                "LEO26",
                "LEO27",
                "LEO29",
                "LEO36",
                "LEO37",
                "LEO38",
                "LEO39",
                "LEO47",
                "LEO48",
                "LEO57",
                "LEO67",
                "LEO68",
                "LEO76",
                "LEO77",
                "LEO86",
                "LEO87",
                "LEO88"
            ]
        },
        "LEO63": {
            "load": 20.251876867419984,
            "switches": [
                "LEO45",
                "LEO54",
                "LEO55",
                "LEO56",
                "LEO63",
                "LEO64",
                "LEO65",
                "LEO73",
                "LEO74",
                "LEO75"
            ]
        },
        "LEO61": {
            "load": 56.01649616457381,
            "switches": [
                "LEO51",
                "LEO61",
                "LEO69",
                "LEO71",
                "LEO78",
                "LEO79",
                "LEO81",
                "LEO89"
            ]
        },
        "LEO59": {
            "load": 25.74685508919456,
            "switches": [
                "LEO58",
                "LEO59"
            ]
        },
        "LEO72": {
            "load": 40.93344056024,
            "switches": [
                "LEO62",
                "LEO72",
                "LEO82",
                "LEO83",
                "LEO84",
                "LEO85"
            ]
        }
    },
    "args": {
        "part": "8",
        "ufactor": "100",
        "match_order": "SumWei",
        "match_scheme": "SRC",
        "contig": true
    }
}