{
    "sum_con_loads": 262.84,
    "max_con_load": 53.59,
    "avg_setup_time": 181.71,
    "assign": {
        "LEO22": {
            "load": 44.958699435711644,
            "switches": [
                "LEO11",
                "LEO12",
                "LEO13",
                "LEO22",
                "LEO23",
                "LEO32",
                "LEO33"
            ]
        },
        "LEO14": {
            "load": 18.56332119788849,
            "switches": [
                "LEO14",
                "LEO15",
                "LEO16",
                "LEO24",
                "LEO25",
                "LEO26",
                "LEO34",
                "LEO35",
                "LEO43",
                "LEO44",
                "LEO45",
                "LEO46",
                "LEO53",
                "LEO54",
                "LEO55",
                "LEO63",
                "LEO64",
                "LEO65"
            ]
        },
        "LEO38": {
            "load": 14.218881185553705,
            "switches": [
                "LEO17",
                "LEO27",
                "LEO36",
                "LEO37",
                "LEO38",
                "LEO47",
                "LEO48"
            ]
        },
        "LEO31": {
            "load": 43.05374210923059,
            "switches": [
                "LEO18",
                "LEO19",
                "LEO21",
                "LEO28",
                "LEO29",
                "LEO31",
                "LEO39",
                "LEO41",
                "LEO49"
            ]
        },
        "LEO62": {
            "load": 53.594358854814516,
            "switches": [
                "LEO42",
                "LEO52",
                "LEO61",
                "LEO62",
                "LEO71",
                "LEO72",
                "LEO73",
                "LEO74"
            ]
        },
        "LEO59": {
            "load": 38.05309475130788,
            "switches": [
                "LEO51",
                "LEO58",
                "LEO59",
                "LEO68",
                "LEO69"
            ]
        },
        "LEO79": {
            "load": 29.06890330948717,
            "switches": [
                "LEO56",
                "LEO57",
                "LEO66",
                "LEO67",
                "LEO75",
                "LEO76",
                "LEO77",
                "LEO78",
                "LEO79",
                "LEO81",
                "LEO86",
                "LEO87",
                "LEO88",
                "LEO89"
            ]
        },
        "LEO82": {
            "load": 21.324556966504275,
            "switches": [
                "LEO82",
                "LEO83",
                "LEO84",
                "LEO85"
            ]
        }
    },
    "args": {
        "part": "8",
        "ufactor": "500",
        "match_order": "SumWei",
        "match_scheme": "SRC",
        "contig": true
    }
}