{
    "sum_con_loads": 272.47,
    "max_con_load": 63.16,
    "avg_setup_time": 182.42,
    "assign": {
        "LEO22": {
            "load": 23.907170422911534,
            "switches": [
                "LEO11",
                "LEO12",
                "LEO19",
                "LEO21",
                "LEO22",
                "LEO29"
            ]
        },
        "LEO33": {
            "load": 57.681180696388935,
            "switches": [
                "LEO13",
                "LEO14",
                "LEO15",
                "LEO16",
                "LEO17",
                "LEO23",
                "LEO24",
                "LEO25",
                "LEO26",
                "LEO27",
                "LEO33",
                "LEO34",
                "LEO35",
                "LEO36",
                "LEO37",
                "LEO43",
                "LEO46"
            ]
        },
        "LEO39": {
            "load": 27.107204129822847,
            "switches": [
                "LEO18",
                "LEO28",
                "LEO31",
                "LEO38",
                "LEO39",
                "LEO47",
                "LEO48",
                "LEO49",
                "LEO57",
                "LEO58",
                "LEO59"
            ]
        },
        "LEO42": {
            "load": 52.310452100975574,
            "switches": [
                "LEO32",
                "LEO41",
                "LEO42",
                "LEO51",
                "LEO52"
            ]
        },
        "LEO63": {
            "load": 63.15821133586619,
            "switches": [
                "LEO44",
                "LEO45",
                "LEO53",
                "LEO54",
                "LEO55",
                "LEO63",
                "LEO64",
                "LEO65",
                "LEO73",
                "LEO74",
                "LEO75",
                "LEO83"
            ]
        },
        "LEO79": {
            "load": 16.500680377064153,
            "switches": [
                "LEO56",
                "LEO66",
                "LEO67",
                "LEO68",
                "LEO71",
                "LEO72",
                "LEO76",
                "LEO77",
                "LEO78",
                "LEO79",
                "LEO81",
                "LEO82",
                "LEO86",
                "LEO87",
                "LEO88",
                "LEO89"
            ]
        },
        "LEO61": {
            "load": 25.75636792971341,
            "switches": [
                "LEO61",
                "LEO62",
                "LEO69"
            ]
        },
        "LEO84": {
            "load": 6.053673800757899,
            "switches": [
                "LEO84",
                "LEO85"
            ]
        }
    },
    "args": {
        "part": "8",
        "ufactor": "1500",
        "match_order": "Wei",
        "match_scheme": "WeiLoad",
        "contig": true
    }
}