{
    "sum_con_loads": 255.56,
    "max_con_load": 63.76,
    "avg_setup_time": 198.43,
    "assign": {
        "LEO22": {
            "load": 63.75770110653556,
            "switches": [
                "LEO11",
                "LEO12",
                "LEO13",
                "LEO14",
                "LEO15",
                "LEO21",
                "LEO22",
                "LEO23",
                "LEO24",
                "LEO25",
                "LEO32",
                "LEO41",
                "LEO42",
                "LEO51",
                "LEO52"
            ]
        },
        "LEO39": {
            "load": 21.440778965195904,
            "switches": [
                "LEO16",
                "LEO17",
                "LEO18",
                "LEO19",
                "LEO27",
                "LEO28",
                "LEO29",
                "LEO31",
                "LEO39"
            ]
        },
        "LEO35": {
            "load": 22.711968480636937,
            "switches": [
                "LEO26",
                "LEO33",
                "LEO34",
                "LEO35",
                "LEO36",
                "LEO43",
                "LEO44",
                "LEO45",
                "LEO46",
                "LEO53",
                "LEO54",
                "LEO55",
                "LEO56",
                "LEO63",
                "LEO64",
                "LEO65",
                "LEO66",
                "LEO74",
                "LEO75",
                "LEO76",
                "LEO84",
                "LEO85",
                "LEO86"
            ]
        },
        "LEO38": {
            "load": 10.000681491934023,
            "switches": [
                "LEO37",
                "LEO38"
            ]
        },
        "LEO59": {
            "load": 61.604844574476544,
            "switches": [
                "LEO47",
                "LEO48",
                "LEO49",
                "LEO59",
                "LEO67",
                "LEO68",
                "LEO69"
            ]
        },
        "LEO58": {
            "load": 15.20061981319903,
            "switches": [
                "LEO57",
                "LEO58"
            ]
        },
        "LEO72": {
            "load": 45.05733631536577,
            "switches": [
                "LEO61",
                "LEO62",
                "LEO71",
                "LEO72",
                "LEO73",
                "LEO81",
                "LEO82",
                "LEO83"
            ]
        },
        "LEO79": {
            "load": 15.78616176118183,
            "switches": [
                "LEO77",
                "LEO78",
                "LEO79",
                "LEO87",
                "LEO88",
                "LEO89"
            ]
        }
    },
    "args": {
        "part": "8",
        "ufactor": "1400",
        "contig": false,
        "minconn": true
    }
}