{
    "sum_con_loads": 391.85,
    "max_con_load": 69.56,
    "avg_setup_time": 272.17,
    "assign": {
        "LEO12": {
            "load": 26.884694382599083,
            "switches": [
                "LEO11",
                "LEO12",
                "LEO13",
                "LEO14",
                "LEO15",
                "LEO16",
                "LEO17",
                "LEO18",
                "LEO19"
            ]
        },
        "LEO22": {
            "load": 67.85886969114496,
            "switches": [
                "LEO21",
                "LEO22",
                "LEO23",
                "LEO24",
                "LEO25",
                "LEO26",
                "LEO27",
                "LEO28",
                "LEO29",
                "LEO32",
                "LEO42",
                "LEO33"
            ]
        },
        "LEO39": {
            "load": 46.101312346696744,
            "switches": [
                "LEO31",
                "LEO34",
                "LEO35",
                "LEO36",
                "LEO37",
                "LEO38",
                "LEO39"
            ]
        },
        "LEO49": {
            "load": 46.67806917946819,
            "switches": [
                "LEO43",
                "LEO44",
                "LEO45",
                "LEO46",
                "LEO47",
                "LEO48",
                "LEO49"
            ]
        },
        "LEO59": {
            "load": 51.80022098639784,
            "switches": [
                "LEO52",
                "LEO53",
                "LEO54",
                "LEO55",
                "LEO56",
                "LEO57",
                "LEO58",
                "LEO59"
            ]
        },
        "LEO69": {
            "load": 57.91954597479,
            "switches": [
                "LEO62",
                "LEO63",
                "LEO64",
                "LEO65",
                "LEO66",
                "LEO67",
                "LEO68",
                "LEO69",
                "LEO72",
                "LEO73",
                "LEO74"
            ]
        },
        "LEO71": {
            "load": 69.55525884056057,
            "switches": [
                "LEO71",
                "LEO75",
                "LEO76",
                "LEO77",
                "LEO78",
                "LEO79",
                "LEO51",
                "LEO41",
                "LEO61"
            ]
        },
        "LEO81": {
            "load": 25.053289138657433,
            "switches": [
                "LEO81",
                "LEO82",
                "LEO83",
                "LEO84",
                "LEO85",
                "LEO86",
                "LEO87",
                "LEO88",
                "LEO89"
            ]
        }
    },
    "args": {
        "MCS": "3",
        "MSSLS": "24"
    }
}