{
    "sum_con_loads": 273.38,
    "max_con_load": 77.1,
    "avg_setup_time": 198.15,
    "assign": {
        "LEO31": {
            "load": 54.216804564306955,
            "switches": [
                "LEO11",
                "LEO12",
                "LEO21",
                "LEO31",
                "LEO41"
            ]
        },
        "LEO34": {
            "load": 14.683739807732751,
            "switches": [
                "LEO13",
                "LEO14",
                "LEO15",
                "LEO16",
                "LEO17",
                "LEO23",
                "LEO24",
                "LEO25",
                "LEO26",
                "LEO27",
                "LEO33",
                "LEO34",
                "LEO35",
                "LEO43",
                "LEO44",
                "LEO45",
                "LEO53",
                "LEO54",
                "LEO55",
                "LEO63",
                "LEO64",
                "LEO65",
                "LEO74",
                "LEO75",
                "LEO85"
            ]
        },
        "LEO28": {
            "load": 11.946886949679598,
            "switches": [
                "LEO18",
                "LEO19",
                "LEO28",
                "LEO29"
            ]
        },
        "LEO32": {
            "load": 20.13720158977761,
            "switches": [
                "LEO22",
                "LEO32",
                "LEO42"
            ]
        },
        "LEO48": {
            "load": 77.09787930404347,
            "switches": [
                "LEO36",
                "LEO37",
                "LEO38",
                "LEO39",
                "LEO46",
                "LEO47",
                "LEO48",
                "LEO49",
                "LEO56",
                "LEO57",
                "LEO58"
            ]
        },
        "LEO69": {
            "load": 38.73789343766837,
            "switches": [
                "LEO51",
                "LEO59",
                "LEO61",
                "LEO69",
                "LEO71",
                "LEO79",
                "LEO81",
                "LEO89"
            ]
        },
        "LEO72": {
            "load": 14.071345856477711,
            "switches": [
                "LEO52",
                "LEO62",
                "LEO72",
                "LEO73",
                "LEO82",
                "LEO83",
                "LEO84"
            ]
        },
        "LEO68": {
            "load": 42.485359695591555,
            "switches": [
                "LEO66",
                "LEO67",
                "LEO68",
                "LEO76",
                "LEO77",
                "LEO78",
                "LEO86",
                "LEO87",
                "LEO88"
            ]
        }
    },
    "args": {
        "part": "8",
        "ufactor": "1300",
        "contig": false,
        "minconn": true
    }
}