{
    "sum_con_loads": 269.57,
    "max_con_load": 49.06,
    "avg_setup_time": 184.0,
    "assign": {
        "LEO39": {
            "load": 24.153064722991708,
            "switches": [
                "LEO11",
                "LEO17",
                "LEO18",
                "LEO19",
                "LEO21",
                "LEO28",
                "LEO29",
                "LEO37",
                "LEO38",
                "LEO39",
                "LEO48",
                "LEO49"
            ]
        },
        "LEO32": {
            "load": 48.97351528123409,
            "switches": [
                "LEO12",
                "LEO22",
                "LEO31",
                "LEO32",
                "LEO41",
                "LEO42"
            ]
        },
        "LEO23": {
            "load": 41.157025142097865,
            "switches": [
                "LEO13",
                "LEO14",
                "LEO23",
                "LEO24",
                "LEO33",
                "LEO34"
            ]
        },
        "LEO25": {
            "load": 18.718999961264135,
            "switches": [
                "LEO15",
                "LEO16",
                "LEO25",
                "LEO26",
                "LEO27",
                "LEO35",
                "LEO36",
                "LEO46"
            ]
        },
        "LEO63": {
            "load": 49.05536633263202,
            "switches": [
                "LEO43",
                "LEO44",
                "LEO45",
                "LEO53",
                "LEO54",
                "LEO55",
                "LEO56",
                "LEO62",
                "LEO63",
                "LEO64",
                "LEO65",
                "LEO66",
                "LEO72",
                "LEO73",
                "LEO74",
                "LEO75",
                "LEO76",
                "LEO85",
                "LEO86"
            ]
        },
        "LEO61": {
            "load": 36.21661705256299,
            "switches": [
                "LEO47",
                "LEO57",
                "LEO58",
                "LEO61",
                "LEO67",
                "LEO68",
                "LEO69",
                "LEO71",
                "LEO77",
                "LEO78",
                "LEO79",
                "LEO81",
                "LEO82",
                "LEO87",
                "LEO88",
                "LEO89"
            ]
        },
        "LEO51": {
            "load": 29.957350972024926,
            "switches": [
                "LEO51",
                "LEO52",
                "LEO59"
            ]
        },
        "LEO83": {
            "load": 21.33612731466347,
            "switches": [
                "LEO83",
                "LEO84"
            ]
        }
    },
    "args": {
        "part": "8",
        "ufactor": "600",
        "contig": true
    }
}