{
    "sum_con_loads": 309.35,
    "max_con_load": 62.85,
    "avg_setup_time": 196.98,
    "assign": {
        "LEO31": {
            "load": 55.76194498194741,
            "switches": [
                "LEO11",
                "LEO12",
                "LEO13",
                "LEO14",
                "LEO19",
                "LEO21",
                "LEO31",
                "LEO39"
            ]
        },
        "LEO36": {
            "load": 25.529244721257456,
            "switches": [
                "LEO15",
                "LEO16",
                "LEO25",
                "LEO26",
                "LEO27",
                "LEO35",
                "LEO36",
                "LEO37",
                "LEO44",
                "LEO45",
                "LEO46",
                "LEO54",
                "LEO55",
                "LEO56",
                "LEO64",
                "LEO65",
                "LEO66",
                "LEO74",
                "LEO75"
            ]
        },
        "LEO48": {
            "load": 62.84772368300925,
            "switches": [
                "LEO17",
                "LEO18",
                "LEO28",
                "LEO29",
                "LEO38",
                "LEO47",
                "LEO48"
            ]
        },
        "LEO32": {
            "load": 22.64208599682649,
            "switches": [
                "LEO22",
                "LEO23",
                "LEO24",
                "LEO32",
                "LEO33",
                "LEO34",
                "LEO42",
                "LEO43"
            ]
        },
        "LEO69": {
            "load": 40.171755925865085,
            "switches": [
                "LEO41",
                "LEO49",
                "LEO51",
                "LEO59",
                "LEO61",
                "LEO69",
                "LEO71",
                "LEO79",
                "LEO81",
                "LEO82",
                "LEO83",
                "LEO89"
            ]
        },
        "LEO72": {
            "load": 14.071345856477711,
            "switches": [
                "LEO52",
                "LEO53",
                "LEO62",
                "LEO63",
                "LEO72",
                "LEO73"
            ]
        },
        "LEO58": {
            "load": 62.015652500478424,
            "switches": [
                "LEO57",
                "LEO58",
                "LEO67",
                "LEO68"
            ]
        },
        "LEO77": {
            "load": 26.31514845342854,
            "switches": [
                "LEO76",
                "LEO77",
                "LEO78",
                "LEO84",
                "LEO85",
                "LEO86",
                "LEO87",
                "LEO88"
            ]
        }
    },
    "args": {
        "part": "8",
        "ufactor": "600",
        "match_order": "Wei",
        "match_scheme": "WeiDif",
        "contig": true
    }
}