{
    "sum_con_loads": 274.07,
    "max_con_load": 54.96,
    "avg_setup_time": 192.73,
    "assign": {
        "LEO29": {
            "load": 11.945099917985594,
            "switches": [
                "LEO11",
                "LEO17",
                "LEO18",
                "LEO19",
                "LEO21",
                "LEO28",
                "LEO29"
            ]
        },
        "LEO12": {
            "load": 22.317732157738536,
            "switches": [
                "LEO12",
                "LEO13"
            ]
        },
        "LEO34": {
            "load": 20.506629396921962,
            "switches": [
                "LEO14",
                "LEO15",
                "LEO16",
                "LEO24",
                "LEO25",
                "LEO26",
                "LEO27",
                "LEO34",
                "LEO35",
                "LEO43",
                "LEO44",
                "LEO45",
                "LEO53",
                "LEO54",
                "LEO55",
                "LEO63",
                "LEO64"
            ]
        },
        "LEO32": {
            "load": 54.9601543207276,
            "switches": [
                "LEO22",
                "LEO23",
                "LEO32",
                "LEO33"
            ]
        },
        "LEO49": {
            "load": 50.52557337931077,
            "switches": [
                "LEO31",
                "LEO38",
                "LEO39",
                "LEO48",
                "LEO49",
                "LEO59"
            ]
        },
        "LEO58": {
            "load": 28.58260545891943,
            "switches": [
                "LEO36",
                "LEO37",
                "LEO46",
                "LEO47",
                "LEO56",
                "LEO57",
                "LEO58",
                "LEO65",
                "LEO66"
            ]
        },
        "LEO61": {
            "load": 49.004062620926135,
            "switches": [
                "LEO41",
                "LEO42",
                "LEO51",
                "LEO52",
                "LEO61",
                "LEO62",
                "LEO71",
                "LEO72",
                "LEO73",
                "LEO74",
                "LEO75",
                "LEO81",
                "LEO82",
                "LEO83",
                "LEO84",
                "LEO85"
            ]
        },
        "LEO69": {
            "load": 36.224564007617914,
            "switches": [
                "LEO67",
                "LEO68",
                "LEO69",
                "LEO76",
                "LEO77",
                "LEO78",
                "LEO79",
                "LEO86",
                "LEO87",
                "LEO88",
                "LEO89"
            ]
        }
    },
    "args": {
        "part": "8",
        "ufactor": "1100",
        "match_order": "SRC",
        "match_scheme": "WeiLoad",
        "contig": true
    }
}