{
    "sum_con_loads": 316.78,
    "max_con_load": 48.91,
    "avg_setup_time": 209.6,
    "assign": {
        "LEO32": {
            "load": 46.73939654117018,
            "switches": [
                "LEO12",
                "LEO13",
                "LEO14",
                "LEO15",
                "LEO16",
                "LEO17",
                "LEO18",
                "LEO19",
                "LEO32",
                "LEO22",
                "LEO23",
                "LEO33",
                "LEO34",
                "LEO44",
                "LEO24",
                "LEO25"
            ]
        },
        "LEO52": {
            "load": 48.908517036228105,
            "switches": [
                "LEO26",
                "LEO62",
                "LEO52",
                "LEO42"
            ]
        },
        "LEO31": {
            "load": 44.72012440725908,
            "switches": [
                "LEO31",
                "LEO35",
                "LEO36",
                "LEO37",
                "LEO38",
                "LEO39",
                "LEO11",
                "LEO21",
                "LEO29",
                "LEO27",
                "LEO28"
            ]
        },
        "LEO49": {
            "load": 39.698434631234356,
            "switches": [
                "LEO41",
                "LEO43",
                "LEO45",
                "LEO46",
                "LEO47",
                "LEO48",
                "LEO49"
            ]
        },
        "LEO59": {
            "load": 31.69579723412227,
            "switches": [
                "LEO51",
                "LEO53",
                "LEO54",
                "LEO55",
                "LEO56",
                "LEO57",
                "LEO58",
                "LEO59"
            ]
        },
        "LEO69": {
            "load": 30.430308371979855,
            "switches": [
                "LEO61",
                "LEO63",
                "LEO64",
                "LEO65",
                "LEO66",
                "LEO67",
                "LEO68",
                "LEO69"
            ]
        },
        "LEO79": {
            "load": 36.763311266464896,
            "switches": [
                "LEO71",
                "LEO73",
                "LEO74",
                "LEO75",
                "LEO76",
                "LEO77",
                "LEO78",
                "LEO79"
            ]
        },
        "LEO72": {
            "load": 37.81961622310598,
            "switches": [
                "LEO81",
                "LEO82",
                "LEO83",
                "LEO84",
                "LEO85",
                "LEO86",
                "LEO87",
                "LEO88",
                "LEO89",
                "LEO72"
            ]
        }
    },
    "args": {
        "MCS": "3",
        "MSSLS": "24"
    }
}