{
    "sum_con_loads": 284.72,
    "max_con_load": 60.14,
    "avg_setup_time": 181.21,
    "assign": {
        "LEO29": {
            "load": 29.268021993931967,
            "switches": [
                "LEO11",
                "LEO17",
                "LEO18",
                "LEO19",
                "LEO28",
                "LEO29",
                "LEO39"
            ]
        },
        "LEO31": {
            "load": 60.142245519424364,
            "switches": [
                "LEO12",
                "LEO13",
                "LEO14",
                "LEO21",
                "LEO22",
                "LEO23",
                "LEO24",
                "LEO31",
                "LEO41"
            ]
        },
        "LEO48": {
            "load": 23.664505258673596,
            "switches": [
                "LEO15",
                "LEO16",
                "LEO25",
                "LEO26",
                "LEO27",
                "LEO35",
                "LEO36",
                "LEO37",
                "LEO38",
                "LEO46",
                "LEO47",
                "LEO48"
            ]
        },
        "LEO32": {
            "load": 24.235427303673642,
            "switches": [
                "LEO32",
                "LEO33",
                "LEO34",
                "LEO42",
                "LEO43",
                "LEO44",
                "LEO45",
                "LEO52",
                "LEO54",
                "LEO55",
                "LEO64"
            ]
        },
        "LEO59": {
            "load": 56.91127373028998,
            "switches": [
                "LEO49",
                "LEO57",
                "LEO58",
                "LEO59",
                "LEO67",
                "LEO68",
                "LEO69"
            ]
        },
        "LEO61": {
            "load": 45.71698159674178,
            "switches": [
                "LEO51",
                "LEO61",
                "LEO71",
                "LEO81",
                "LEO82",
                "LEO83",
                "LEO84",
                "LEO85",
                "LEO89"
            ]
        },
        "LEO62": {
            "load": 19.66917954708324,
            "switches": [
                "LEO53",
                "LEO62",
                "LEO63",
                "LEO72",
                "LEO73",
                "LEO74"
            ]
        },
        "LEO78": {
            "load": 25.113026338701644,
            "switches": [
                "LEO56",
                "LEO65",
                "LEO66",
                "LEO75",
                "LEO76",
                "LEO77",
                "LEO78",
                "LEO79",
                "LEO86",
                "LEO87",
                "LEO88"
            ]
        }
    },
    "args": {
        "part": "8",
        "ufactor": "800",
        "match_order": "SRC",
        "match_scheme": "WeiLoad",
        "contig": false
    }
}