{
    "sum_con_loads": 387.85,
    "max_con_load": 66.56,
    "avg_setup_time": 277.22,
    "assign": {
        "LEO13": {
            "load": 23.18446645405866,
            "switches": [
                "LEO11",
                "LEO12",
                "LEO13",
                "LEO14",
                "LEO15",
                "LEO16",
                "LEO17",
                "LEO18",
                "LEO19"
            ]
        },
        "LEO23": {
            "load": 48.85786339143291,
            "switches": [
                "LEO21",
                "LEO22",
                "LEO23",
                "LEO24",
                "LEO25",
                "LEO26",
                "LEO27",
                "LEO28",
                "LEO29"
            ]
        },
        "LEO33": {
            "load": 66.20913408444203,
            "switches": [
                "LEO31",
                "LEO32",
                "LEO33",
                "LEO34",
                "LEO35",
                "LEO36",
                "LEO37",
                "LEO38",
                "LEO39"
            ]
        },
        "LEO41": {
            "load": 39.81069220844787,
            "switches": [
                "LEO41",
                "LEO42",
                "LEO44",
                "LEO45",
                "LEO46",
                "LEO47",
                "LEO48",
                "LEO49"
            ]
        },
        "LEO51": {
            "load": 34.85884561811887,
            "switches": [
                "LEO51",
                "LEO52",
                "LEO54",
                "LEO55",
                "LEO56",
                "LEO57",
                "LEO58",
                "LEO59"
            ]
        },
        "LEO63": {
            "load": 60.623191744494676,
            "switches": [
                "LEO61",
                "LEO62",
                "LEO63",
                "LEO64",
                "LEO65",
                "LEO66",
                "LEO67",
                "LEO68",
                "LEO69"
            ]
        },
        "LEO73": {
            "load": 47.74618159710367,
            "switches": [
                "LEO71",
                "LEO72",
                "LEO73",
                "LEO74",
                "LEO75",
                "LEO76",
                "LEO77",
                "LEO78",
                "LEO79"
            ]
        },
        "LEO53": {
            "load": 66.56108863414991,
            "switches": [
                "LEO81",
                "LEO82",
                "LEO83",
                "LEO84",
                "LEO85",
                "LEO86",
                "LEO87",
                "LEO88",
                "LEO89",
                "LEO53",
                "LEO43"
            ]
        }
    },
    "args": {
        "MCS": "3",
        "MSSLS": "24"
    }
}