{
    "sum_con_loads": 346.6,
    "max_con_load": 63.17,
    "avg_setup_time": 237.98,
    "assign": {
        "LEO33": {
            "load": 63.17453117001914,
            "switches": [
                "LEO12",
                "LEO13",
                "LEO14",
                "LEO15",
                "LEO16",
                "LEO17",
                "LEO18",
                "LEO19",
                "LEO32",
                "LEO33",
                "LEO23",
                "LEO34",
                "LEO35",
                "LEO36"
            ]
        },
        "LEO21": {
            "load": 25.872784125461656,
            "switches": [
                "LEO21",
                "LEO22",
                "LEO24",
                "LEO25",
                "LEO26",
                "LEO27",
                "LEO28",
                "LEO29",
                "LEO11"
            ]
        },
        "LEO31": {
            "load": 63.15510995864277,
            "switches": [
                "LEO31",
                "LEO37",
                "LEO38",
                "LEO39",
                "LEO41"
            ]
        },
        "LEO49": {
            "load": 23.763991246721474,
            "switches": [
                "LEO42",
                "LEO44",
                "LEO45",
                "LEO46",
                "LEO47",
                "LEO48",
                "LEO49"
            ]
        },
        "LEO51": {
            "load": 62.10873397937635,
            "switches": [
                "LEO51",
                "LEO54",
                "LEO55",
                "LEO56",
                "LEO57",
                "LEO58",
                "LEO59"
            ]
        },
        "LEO61": {
            "load": 47.88419700207716,
            "switches": [
                "LEO61",
                "LEO64",
                "LEO65",
                "LEO66",
                "LEO67",
                "LEO68",
                "LEO69",
                "LEO71",
                "LEO79",
                "LEO78"
            ]
        },
        "LEO62": {
            "load": 44.848849988308885,
            "switches": [
                "LEO72",
                "LEO73",
                "LEO74",
                "LEO75",
                "LEO76",
                "LEO77",
                "LEO43",
                "LEO53",
                "LEO63",
                "LEO52",
                "LEO62"
            ]
        },
        "LEO83": {
            "load": 15.79598522108889,
            "switches": [
                "LEO81",
                "LEO82",
                "LEO83",
                "LEO84",
                "LEO85",
                "LEO86",
                "LEO87",
                "LEO88",
                "LEO89"
            ]
        }
    },
    "args": {
        "MCS": "3",
        "MSSLS": "24"
    }
}