{
    "sum_con_loads": 302.23,
    "max_con_load": 62.28,
    "avg_setup_time": 198.25,
    "assign": {
        "LEO33": {
            "load": 54.2332284456828,
            "switches": [
                "LEO11",
                "LEO12",
                "LEO13",
                "LEO14",
                "LEO22",
                "LEO23",
                "LEO32",
                "LEO33"
            ]
        },
        "LEO37": {
            "load": 23.875104349334425,
            "switches": [
                "LEO15",
                "LEO16",
                "LEO17",
                "LEO18",
                "LEO26",
                "LEO27",
                "LEO28",
                "LEO36",
                "LEO37",
                "LEO38",
                "LEO46",
                "LEO47",
                "LEO48",
                "LEO56",
                "LEO57",
                "LEO58",
                "LEO66",
                "LEO67",
                "LEO68"
            ]
        },
        "LEO41": {
            "load": 62.28287455443092,
            "switches": [
                "LEO19",
                "LEO21",
                "LEO29",
                "LEO31",
                "LEO39",
                "LEO41",
                "LEO49"
            ]
        },
        "LEO24": {
            "load": 15.016908883656246,
            "switches": [
                "LEO24",
                "LEO25",
                "LEO35",
                "LEO45"
            ]
        },
        "LEO34": {
            "load": 12.9222113736303,
            "switches": [
                "LEO34",
                "LEO44"
            ]
        },
        "LEO62": {
            "load": 45.75967502677554,
            "switches": [
                "LEO42",
                "LEO43",
                "LEO52",
                "LEO53",
                "LEO54",
                "LEO55",
                "LEO62",
                "LEO63",
                "LEO64",
                "LEO65",
                "LEO72",
                "LEO73",
                "LEO74",
                "LEO75",
                "LEO82",
                "LEO83",
                "LEO84",
                "LEO85"
            ]
        },
        "LEO51": {
            "load": 60.85960005356988,
            "switches": [
                "LEO51",
                "LEO59",
                "LEO61",
                "LEO69"
            ]
        },
        "LEO79": {
            "load": 27.27544808966211,
            "switches": [
                "LEO71",
                "LEO76",
                "LEO77",
                "LEO78",
                "LEO79",
                "LEO81",
                "LEO86",
                "LEO87",
                "LEO88",
                "LEO89"
            ]
        }
    },
    "args": {
        "part": "8",
        "ufactor": "700",
        "match_order": "Wei",
        "match_scheme": "WeiDif",
        "contig": true
    }
}